Date,Year,Month,LOD_obs_ms,LOD_obs_err_ms,N_days,LOD_tide_ms,LOD_detided_ms,LOD_AAM_ms,LOD_OAM_ms,LOD_HAM_ms,LOD_residual_ms,LOD_residual_AOH_ms,CO2_ppm,CO2_deseason_ppm,Temp_anomaly_C,GRN_mass_Gt,GRN_mass_unc_Gt,ANT_mass_Gt,ANT_mass_unc_Gt,GRACE_mass_total_Gt,Delta_Izz_kgm2,LOD_cryo_ms,GRACE_flag
1962-01-01,1962,1,1.22913,1.4,31,0.0285951,1.20053,NaN,NaN,NaN,NaN,NaN,317.94,317.89,0.05,NaN,NaN,NaN,NaN,NaN,NaN,NaN,PRE_GRACE
1962-02-01,1962,2,1.35882,1.4,28,0.187014,1.17181,NaN,NaN,NaN,NaN,NaN,318.55,317.89,0.15,NaN,NaN,NaN,NaN,NaN,NaN,NaN,PRE_GRACE
1962-03-01,1962,3,1.50303,1.4,31,0.263358,1.23967,NaN,NaN,NaN,NaN,NaN,319.68,318.39,0.1,NaN,NaN,NaN,NaN,NaN,NaN,NaN,PRE_GRACE
1962-04-01,1962,4,1.6642,1.4,30,0.22605,1.43815,NaN,NaN,NaN,NaN,NaN,320.57,318.24,0.05,NaN,NaN,NaN,NaN,NaN,NaN,NaN,PRE_GRACE
1962-05-01,1962,5,1.63884,1.4,31,0.0860172,1.55282,NaN,NaN,NaN,NaN,NaN,321.02,318.16,-0.06,NaN,NaN,NaN,NaN,NaN,NaN,NaN,PRE_GRACE
1962-06-01,1962,6,0.7423,1.4,30,-0.0786841,0.820984,NaN,NaN,NaN,NaN,NaN,320.62,318.45,0.03,NaN,NaN,NaN,NaN,NaN,NaN,NaN,PRE_GRACE
1962-07-01,1962,7,0.707677,1.4,31,-0.0735713,0.781249,NaN,NaN,NaN,NaN,NaN,319.61,318.94,0.02,NaN,NaN,NaN,NaN,NaN,NaN,NaN,PRE_GRACE
1962-08-01,1962,8,0.759613,1.4,31,0.102121,0.657492,NaN,NaN,NaN,NaN,NaN,317.4,318.71,-0.01,NaN,NaN,NaN,NaN,NaN,NaN,NaN,PRE_GRACE
1962-09-01,1962,9,1.26267,1.4,30,0.247488,1.01518,NaN,NaN,NaN,NaN,NaN,316.24,319.18,0,NaN,NaN,NaN,NaN,NaN,NaN,NaN,PRE_GRACE
1962-10-01,1962,10,1.5831,1.4,31,0.204643,1.37845,NaN,NaN,NaN,NaN,NaN,315.42,318.46,0.01,NaN,NaN,NaN,NaN,NaN,NaN,NaN,PRE_GRACE
1962-11-01,1962,11,1.62823,1.4,30,0.0296693,1.59856,NaN,NaN,NaN,NaN,NaN,316.69,318.59,0.06,NaN,NaN,NaN,NaN,NaN,NaN,NaN,PRE_GRACE
1962-12-01,1962,12,1.59239,1.4,31,-0.0750847,1.66747,NaN,NaN,NaN,NaN,NaN,317.7,318.47,-0.03,NaN,NaN,NaN,NaN,NaN,NaN,NaN,PRE_GRACE
1963-01-01,1963,1,1.04926,1.4,31,0.0451905,1.00407,NaN,NaN,NaN,NaN,NaN,318.74,318.69,-0.03,NaN,NaN,NaN,NaN,NaN,NaN,NaN,PRE_GRACE
1963-02-01,1963,2,1.22129,1.4,28,0.164923,1.05636,NaN,NaN,NaN,NaN,NaN,319.07,318.41,0.18,NaN,NaN,NaN,NaN,NaN,NaN,NaN,PRE_GRACE
1963-03-01,1963,3,1.63465,1.4,31,0.249062,1.38558,NaN,NaN,NaN,NaN,NaN,319.86,318.57,-0.14,NaN,NaN,NaN,NaN,NaN,NaN,NaN,PRE_GRACE
1963-04-01,1963,4,1.81913,1.4,30,0.140916,1.67822,NaN,NaN,NaN,NaN,NaN,321.38,319.05,-0.07,NaN,NaN,NaN,NaN,NaN,NaN,NaN,PRE_GRACE
1963-05-01,1963,5,1.63429,1.4,31,-0.0190468,1.65334,NaN,NaN,NaN,NaN,NaN,322.24,319.38,-0.06,NaN,NaN,NaN,NaN,NaN,NaN,NaN,PRE_GRACE
1963-06-01,1963,6,1.29203,1.4,30,-0.116938,1.40897,NaN,NaN,NaN,NaN,NaN,321.49,319.31,0.05,NaN,NaN,NaN,NaN,NaN,NaN,NaN,PRE_GRACE
1963-07-01,1963,7,0.816258,1.4,31,-0.0963547,0.912613,NaN,NaN,NaN,NaN,NaN,319.74,319.07,0.06,NaN,NaN,NaN,NaN,NaN,NaN,NaN,PRE_GRACE
1963-08-01,1963,8,1.12468,1.4,31,0.0230615,1.10162,NaN,NaN,NaN,NaN,NaN,317.77,319.07,0.22,NaN,NaN,NaN,NaN,NaN,NaN,NaN,PRE_GRACE
1963-09-01,1963,9,1.58363,1.4,30,0.172618,1.41102,NaN,NaN,NaN,NaN,NaN,316.21,319.16,0.17,NaN,NaN,NaN,NaN,NaN,NaN,NaN,PRE_GRACE
1963-10-01,1963,10,2.13665,1.4,31,0.209441,1.9272,NaN,NaN,NaN,NaN,NaN,315.99,319.03,0.15,NaN,NaN,NaN,NaN,NaN,NaN,NaN,PRE_GRACE
1963-11-01,1963,11,2.119,1.4,30,0.0423292,2.07667,NaN,NaN,NaN,NaN,NaN,317.07,318.98,0.15,NaN,NaN,NaN,NaN,NaN,NaN,NaN,PRE_GRACE
1963-12-01,1963,12,1.87271,1.4,31,-0.125145,1.99786,NaN,NaN,NaN,NaN,NaN,318.35,319.13,-0.03,NaN,NaN,NaN,NaN,NaN,NaN,NaN,PRE_GRACE
1964-01-01,1964,1,2.17326,1.4,31,-0.0662939,2.23955,NaN,NaN,NaN,NaN,NaN,319.57,319.52,-0.09,NaN,NaN,NaN,NaN,NaN,NaN,NaN,PRE_GRACE
1964-02-01,1964,2,2.00828,1.4,29,0.111536,1.89674,NaN,NaN,NaN,NaN,NaN,320.04,319.37,-0.1,NaN,NaN,NaN,NaN,NaN,NaN,NaN,PRE_GRACE
1964-03-01,1964,3,2.28806,1.4,31,0.20651,2.08156,NaN,NaN,NaN,NaN,NaN,320.75,319.41,-0.21,NaN,NaN,NaN,NaN,NaN,NaN,NaN,PRE_GRACE
1964-04-01,1964,4,2.1349,1.4,30,0.0887532,2.04615,NaN,NaN,NaN,NaN,NaN,321.84,319.46,-0.32,NaN,NaN,NaN,NaN,NaN,NaN,NaN,PRE_GRACE
1964-05-01,1964,5,2.20032,1.4,31,-0.117214,2.31754,NaN,NaN,NaN,NaN,NaN,322.25,319.37,-0.25,NaN,NaN,NaN,NaN,NaN,NaN,NaN,PRE_GRACE
1964-06-01,1964,6,1.4069,1.4,30,-0.185115,1.59202,NaN,NaN,NaN,NaN,NaN,321.89,319.73,-0.04,NaN,NaN,NaN,NaN,NaN,NaN,NaN,PRE_GRACE
1964-07-01,1964,7,1.24297,1.4,31,-0.0852065,1.32817,NaN,NaN,NaN,NaN,NaN,320.44,319.79,-0.04,NaN,NaN,NaN,NaN,NaN,NaN,NaN,PRE_GRACE
1964-08-01,1964,8,1.25197,1.4,31,0.04491,1.20706,NaN,NaN,NaN,NaN,NaN,318.69,320.03,-0.22,NaN,NaN,NaN,NaN,NaN,NaN,NaN,PRE_GRACE
1964-09-01,1964,9,1.83737,1.4,30,0.120163,1.7172,NaN,NaN,NaN,NaN,NaN,316.71,319.67,-0.3,NaN,NaN,NaN,NaN,NaN,NaN,NaN,PRE_GRACE
1964-10-01,1964,10,2.32877,1.4,31,0.117584,2.21119,NaN,NaN,NaN,NaN,NaN,316.87,319.93,-0.31,NaN,NaN,NaN,NaN,NaN,NaN,NaN,PRE_GRACE
1964-11-01,1964,11,2.25627,1.4,30,-0.0145096,2.27078,NaN,NaN,NaN,NaN,NaN,317.68,319.59,-0.21,NaN,NaN,NaN,NaN,NaN,NaN,NaN,PRE_GRACE
1964-12-01,1964,12,2.21458,1.4,31,-0.161452,2.37603,NaN,NaN,NaN,NaN,NaN,318.71,319.49,-0.3,NaN,NaN,NaN,NaN,NaN,NaN,NaN,PRE_GRACE
1965-01-01,1965,1,1.88652,1.4,31,-0.154115,2.04063,NaN,NaN,NaN,NaN,NaN,319.44,319.38,-0.08,NaN,NaN,NaN,NaN,NaN,NaN,NaN,PRE_GRACE
1965-02-01,1965,2,2.20675,1.4,28,0.0470767,2.15967,NaN,NaN,NaN,NaN,NaN,320.44,319.79,-0.17,NaN,NaN,NaN,NaN,NaN,NaN,NaN,PRE_GRACE
1965-03-01,1965,3,2.63926,1.4,31,0.126988,2.51227,NaN,NaN,NaN,NaN,NaN,320.89,319.59,-0.13,NaN,NaN,NaN,NaN,NaN,NaN,NaN,PRE_GRACE
1965-04-01,1965,4,2.5929,1.4,30,0.0893121,2.50359,NaN,NaN,NaN,NaN,NaN,322.14,319.79,-0.19,NaN,NaN,NaN,NaN,NaN,NaN,NaN,PRE_GRACE
1965-05-01,1965,5,2.23071,1.4,31,-0.0966454,2.32736,NaN,NaN,NaN,NaN,NaN,322.17,319.28,-0.12,NaN,NaN,NaN,NaN,NaN,NaN,NaN,PRE_GRACE
1965-06-01,1965,6,1.8783,1.4,30,-0.249576,2.12788,NaN,NaN,NaN,NaN,NaN,321.87,319.68,-0.08,NaN,NaN,NaN,NaN,NaN,NaN,NaN,PRE_GRACE
1965-07-01,1965,7,1.63797,1.4,31,-0.163643,1.80161,NaN,NaN,NaN,NaN,NaN,321.21,320.53,-0.13,NaN,NaN,NaN,NaN,NaN,NaN,NaN,PRE_GRACE
1965-08-01,1965,8,1.81565,1.4,31,0.0298722,1.78577,NaN,NaN,NaN,NaN,NaN,318.87,320.18,-0.04,NaN,NaN,NaN,NaN,NaN,NaN,NaN,PRE_GRACE
1965-09-01,1965,9,2.2626,1.4,30,0.084559,2.17804,NaN,NaN,NaN,NaN,NaN,317.82,320.78,-0.15,NaN,NaN,NaN,NaN,NaN,NaN,NaN,PRE_GRACE
1965-10-01,1965,10,2.42784,1.4,31,-0.000401013,2.42824,NaN,NaN,NaN,NaN,NaN,317.3,320.37,-0.05,NaN,NaN,NaN,NaN,NaN,NaN,NaN,PRE_GRACE
1965-11-01,1965,11,2.58623,1.4,30,-0.125535,2.71177,NaN,NaN,NaN,NaN,NaN,318.87,320.79,-0.06,NaN,NaN,NaN,NaN,NaN,NaN,NaN,PRE_GRACE
1965-12-01,1965,12,2.2031,1.4,31,-0.191023,2.39412,NaN,NaN,NaN,NaN,NaN,319.42,320.2,-0.08,NaN,NaN,NaN,NaN,NaN,NaN,NaN,PRE_GRACE
1966-01-01,1966,1,2.41632,1.4,31,-0.1264,2.54272,NaN,NaN,NaN,NaN,NaN,320.62,320.57,-0.19,NaN,NaN,NaN,NaN,NaN,NaN,NaN,PRE_GRACE
1966-02-01,1966,2,2.49325,1.4,28,0.00552016,2.48773,NaN,NaN,NaN,NaN,NaN,321.6,320.94,-0.04,NaN,NaN,NaN,NaN,NaN,NaN,NaN,PRE_GRACE
1966-03-01,1966,3,2.61532,1.4,31,0.0519416,2.56338,NaN,NaN,NaN,NaN,NaN,322.39,321.08,0.03,NaN,NaN,NaN,NaN,NaN,NaN,NaN,PRE_GRACE
1966-04-01,1966,4,2.8869,1.4,30,0.0242015,2.8627,NaN,NaN,NaN,NaN,NaN,323.7,321.34,-0.13,NaN,NaN,NaN,NaN,NaN,NaN,NaN,PRE_GRACE
1966-05-01,1966,5,2.6589,1.4,31,-0.0851433,2.74405,NaN,NaN,NaN,NaN,NaN,324.08,321.18,-0.12,NaN,NaN,NaN,NaN,NaN,NaN,NaN,PRE_GRACE
1966-06-01,1966,6,2.07333,1.4,30,-0.256362,2.3297,NaN,NaN,NaN,NaN,NaN,323.75,321.55,0.01,NaN,NaN,NaN,NaN,NaN,NaN,NaN,PRE_GRACE
1966-07-01,1966,7,1.60958,1.4,31,-0.274124,1.8837,NaN,NaN,NaN,NaN,NaN,322.37,321.69,0.08,NaN,NaN,NaN,NaN,NaN,NaN,NaN,PRE_GRACE
1966-08-01,1966,8,2.05516,1.4,31,-0.0916222,2.14678,NaN,NaN,NaN,NaN,NaN,320.36,321.68,-0.09,NaN,NaN,NaN,NaN,NaN,NaN,NaN,PRE_GRACE
1966-09-01,1966,9,2.49997,1.4,30,0.0705897,2.42938,NaN,NaN,NaN,NaN,NaN,318.64,321.61,-0.03,NaN,NaN,NaN,NaN,NaN,NaN,NaN,PRE_GRACE
1966-10-01,1966,10,2.76074,1.4,31,0.0322028,2.72854,NaN,NaN,NaN,NaN,NaN,318.1,321.18,-0.17,NaN,NaN,NaN,NaN,NaN,NaN,NaN,PRE_GRACE
1966-11-01,1966,11,2.73413,1.4,30,-0.164685,2.89882,NaN,NaN,NaN,NaN,NaN,319.78,321.71,-0.01,NaN,NaN,NaN,NaN,NaN,NaN,NaN,PRE_GRACE
1966-12-01,1966,12,2.40342,1.4,31,-0.272357,2.67578,NaN,NaN,NaN,NaN,NaN,321.02,321.81,-0.03,NaN,NaN,NaN,NaN,NaN,NaN,NaN,PRE_GRACE
1967-01-01,1967,1,2.32626,1.4,31,-0.118406,2.44466,NaN,NaN,NaN,NaN,NaN,322.33,322.28,-0.08,NaN,NaN,NaN,NaN,NaN,NaN,NaN,PRE_GRACE
1967-02-01,1967,2,2.58411,1.4,28,-0.0167614,2.60087,NaN,NaN,NaN,NaN,NaN,322.5,321.83,-0.21,NaN,NaN,NaN,NaN,NaN,NaN,NaN,PRE_GRACE
1967-03-01,1967,3,2.6999,1.4,31,0.059251,2.64065,NaN,NaN,NaN,NaN,NaN,323.03,321.72,0.05,NaN,NaN,NaN,NaN,NaN,NaN,NaN,PRE_GRACE
1967-04-01,1967,4,2.8431,1.4,30,-0.0622538,2.90535,NaN,NaN,NaN,NaN,NaN,324.41,322.05,-0.05,NaN,NaN,NaN,NaN,NaN,NaN,NaN,PRE_GRACE
1967-05-01,1967,5,2.60871,1.4,31,-0.203796,2.81251,NaN,NaN,NaN,NaN,NaN,325,322.09,0.12,NaN,NaN,NaN,NaN,NaN,NaN,NaN,PRE_GRACE
1967-06-01,1967,6,1.92963,1.4,30,-0.277058,2.20669,NaN,NaN,NaN,NaN,NaN,324.09,321.89,-0.08,NaN,NaN,NaN,NaN,NaN,NaN,NaN,PRE_GRACE
1967-07-01,1967,7,1.64787,1.4,31,-0.25332,1.90119,NaN,NaN,NaN,NaN,NaN,322.54,321.86,0.02,NaN,NaN,NaN,NaN,NaN,NaN,NaN,PRE_GRACE
1967-08-01,1967,8,1.81723,1.4,31,-0.162837,1.98006,NaN,NaN,NaN,NaN,NaN,320.92,322.24,0.01,NaN,NaN,NaN,NaN,NaN,NaN,NaN,PRE_GRACE
1967-09-01,1967,9,2.09737,1.4,30,-0.0141295,2.1115,NaN,NaN,NaN,NaN,NaN,319.25,322.24,-0.06,NaN,NaN,NaN,NaN,NaN,NaN,NaN,PRE_GRACE
1967-10-01,1967,10,2.59771,1.4,31,0.0503437,2.54737,NaN,NaN,NaN,NaN,NaN,319.39,322.48,0.09,NaN,NaN,NaN,NaN,NaN,NaN,NaN,PRE_GRACE
1967-11-01,1967,11,2.69537,1.4,30,-0.113654,2.80902,NaN,NaN,NaN,NaN,NaN,320.73,322.66,-0.05,NaN,NaN,NaN,NaN,NaN,NaN,NaN,PRE_GRACE
1967-12-01,1967,12,2.5631,1.4,31,-0.303622,2.86672,NaN,NaN,NaN,NaN,NaN,321.96,322.74,-0.05,NaN,NaN,NaN,NaN,NaN,NaN,NaN,PRE_GRACE
1968-01-01,1968,1,2.43497,1,31,-0.237542,2.67251,NaN,NaN,NaN,NaN,NaN,322.57,322.51,-0.26,NaN,NaN,NaN,NaN,NaN,NaN,NaN,PRE_GRACE
1968-02-01,1968,2,2.68203,1,29,-0.0443353,2.72637,NaN,NaN,NaN,NaN,NaN,323.15,322.48,-0.14,NaN,NaN,NaN,NaN,NaN,NaN,NaN,PRE_GRACE
1968-03-01,1968,3,2.57152,1,31,0.060711,2.51081,NaN,NaN,NaN,NaN,NaN,323.89,322.55,0.2,NaN,NaN,NaN,NaN,NaN,NaN,NaN,PRE_GRACE
1968-04-01,1968,4,2.9438,1,30,-0.0648675,3.00867,NaN,NaN,NaN,NaN,NaN,325.02,322.63,-0.06,NaN,NaN,NaN,NaN,NaN,NaN,NaN,PRE_GRACE
1968-05-01,1968,5,2.52926,1,31,-0.275326,2.80458,NaN,NaN,NaN,NaN,NaN,325.57,322.66,-0.14,NaN,NaN,NaN,NaN,NaN,NaN,NaN,PRE_GRACE
1968-06-01,1968,6,2.05927,1,30,-0.32725,2.38652,NaN,NaN,NaN,NaN,NaN,325.36,323.17,-0.09,NaN,NaN,NaN,NaN,NaN,NaN,NaN,PRE_GRACE
1968-07-01,1968,7,1.90597,1,31,-0.209908,2.11588,NaN,NaN,NaN,NaN,NaN,324.14,323.48,-0.13,NaN,NaN,NaN,NaN,NaN,NaN,NaN,PRE_GRACE
1968-08-01,1968,8,2.26468,1,31,-0.105061,2.36974,NaN,NaN,NaN,NaN,NaN,322.11,323.46,-0.08,NaN,NaN,NaN,NaN,NaN,NaN,NaN,PRE_GRACE
1968-09-01,1968,9,2.4372,1,30,-0.0390282,2.47623,NaN,NaN,NaN,NaN,NaN,320.33,323.33,-0.19,NaN,NaN,NaN,NaN,NaN,NaN,NaN,PRE_GRACE
1968-10-01,1968,10,2.67223,1,31,-0.0189135,2.69114,NaN,NaN,NaN,NaN,NaN,320.25,323.34,0.09,NaN,NaN,NaN,NaN,NaN,NaN,NaN,PRE_GRACE
1968-11-01,1968,11,2.79957,1,30,-0.132455,2.93202,NaN,NaN,NaN,NaN,NaN,321.32,323.26,-0.05,NaN,NaN,NaN,NaN,NaN,NaN,NaN,PRE_GRACE
1968-12-01,1968,12,2.55123,1,31,-0.282718,2.83394,NaN,NaN,NaN,NaN,NaN,322.89,323.68,-0.14,NaN,NaN,NaN,NaN,NaN,NaN,NaN,PRE_GRACE
1969-01-01,1969,1,2.40132,1,31,-0.288116,2.68944,NaN,NaN,NaN,NaN,NaN,324,323.95,-0.11,NaN,NaN,NaN,NaN,NaN,NaN,NaN,PRE_GRACE
1969-02-01,1969,2,2.85068,1,28,-0.0812131,2.93189,NaN,NaN,NaN,NaN,NaN,324.41,323.75,-0.18,NaN,NaN,NaN,NaN,NaN,NaN,NaN,PRE_GRACE
1969-03-01,1969,3,3.15974,1,31,0.0106352,3.14911,NaN,NaN,NaN,NaN,NaN,325.63,324.31,0.01,NaN,NaN,NaN,NaN,NaN,NaN,NaN,PRE_GRACE
1969-04-01,1969,4,3.18253,1,30,-0.00942833,3.19196,NaN,NaN,NaN,NaN,NaN,326.66,324.28,0.17,NaN,NaN,NaN,NaN,NaN,NaN,NaN,PRE_GRACE
1969-05-01,1969,5,2.77706,1,31,-0.197705,2.97477,NaN,NaN,NaN,NaN,NaN,327.38,324.46,0.18,NaN,NaN,NaN,NaN,NaN,NaN,NaN,PRE_GRACE
1969-06-01,1969,6,2.20883,1,30,-0.358521,2.56735,NaN,NaN,NaN,NaN,NaN,326.71,324.49,0.03,NaN,NaN,NaN,NaN,NaN,NaN,NaN,PRE_GRACE
1969-07-01,1969,7,2.04326,1,31,-0.262401,2.30566,NaN,NaN,NaN,NaN,NaN,325.88,325.19,-0.04,NaN,NaN,NaN,NaN,NaN,NaN,NaN,PRE_GRACE
1969-08-01,1969,8,2.13813,1,31,-0.0645978,2.20273,NaN,NaN,NaN,NaN,NaN,323.66,324.99,0.04,NaN,NaN,NaN,NaN,NaN,NaN,NaN,PRE_GRACE
1969-09-01,1969,9,2.75877,1,30,-0.0149771,2.77374,NaN,NaN,NaN,NaN,NaN,322.38,325.38,0.08,NaN,NaN,NaN,NaN,NaN,NaN,NaN,PRE_GRACE
1969-10-01,1969,10,2.88468,1,31,-0.0927374,2.97741,NaN,NaN,NaN,NaN,NaN,321.78,324.89,0.09,NaN,NaN,NaN,NaN,NaN,NaN,NaN,PRE_GRACE
1969-11-01,1969,11,2.85277,1,30,-0.199031,3.0518,NaN,NaN,NaN,NaN,NaN,322.85,324.8,0.12,NaN,NaN,NaN,NaN,NaN,NaN,NaN,PRE_GRACE
1969-12-01,1969,12,2.82965,1,31,-0.251361,3.08101,NaN,NaN,NaN,NaN,NaN,324.11,324.91,0.24,NaN,NaN,NaN,NaN,NaN,NaN,NaN,PRE_GRACE
1970-01-01,1970,1,2.96387,1,31,-0.196509,3.16038,NaN,NaN,NaN,NaN,NaN,325.06,325.01,0.08,NaN,NaN,NaN,NaN,NaN,NaN,NaN,PRE_GRACE
1970-02-01,1970,2,3.04389,1,28,-0.0680096,3.1119,NaN,NaN,NaN,NaN,NaN,325.99,325.31,0.22,NaN,NaN,NaN,NaN,NaN,NaN,NaN,PRE_GRACE
1970-03-01,1970,3,3.12965,1,31,-0.0211172,3.15076,NaN,NaN,NaN,NaN,NaN,326.93,325.61,0.06,NaN,NaN,NaN,NaN,NaN,NaN,NaN,PRE_GRACE
1970-04-01,1970,4,3.25447,1,30,-0.0247043,3.27917,NaN,NaN,NaN,NaN,NaN,328.13,325.75,0.05,NaN,NaN,NaN,NaN,NaN,NaN,NaN,PRE_GRACE
1970-05-01,1970,5,2.87065,1,31,-0.129972,3.00062,NaN,NaN,NaN,NaN,NaN,328.08,325.15,-0.03,NaN,NaN,NaN,NaN,NaN,NaN,NaN,PRE_GRACE
1970-06-01,1970,6,2.31143,1,30,-0.307524,2.61896,NaN,NaN,NaN,NaN,NaN,327.67,325.44,-0.02,NaN,NaN,NaN,NaN,NaN,NaN,NaN,PRE_GRACE
1970-07-01,1970,7,1.92855,1,31,-0.325376,2.25392,NaN,NaN,NaN,NaN,NaN,326.34,325.65,0.02,NaN,NaN,NaN,NaN,NaN,NaN,NaN,PRE_GRACE
1970-08-01,1970,8,1.96535,1,31,-0.131891,2.09725,NaN,NaN,NaN,NaN,NaN,324.68,326.02,-0.1,NaN,NaN,NaN,NaN,NaN,NaN,NaN,PRE_GRACE
1970-09-01,1970,9,2.49463,1,30,0.0382794,2.45635,NaN,NaN,NaN,NaN,NaN,323.1,326.11,0.12,NaN,NaN,NaN,NaN,NaN,NaN,NaN,PRE_GRACE
1970-10-01,1970,10,2.91977,1,31,0.0061616,2.91361,NaN,NaN,NaN,NaN,NaN,323.06,326.18,0.03,NaN,NaN,NaN,NaN,NaN,NaN,NaN,PRE_GRACE
1970-11-01,1970,11,3.01683,1,30,-0.185818,3.20265,NaN,NaN,NaN,NaN,NaN,324.01,325.96,0.02,NaN,NaN,NaN,NaN,NaN,NaN,NaN,PRE_GRACE
1970-12-01,1970,12,2.65261,1,31,-0.281187,2.9338,NaN,NaN,NaN,NaN,NaN,325.13,325.93,-0.12,NaN,NaN,NaN,NaN,NaN,NaN,NaN,PRE_GRACE
1971-01-01,1971,1,2.76948,1,31,-0.128949,2.89843,NaN,NaN,NaN,NaN,NaN,326.17,326.12,-0.02,NaN,NaN,NaN,NaN,NaN,NaN,NaN,PRE_GRACE
1971-02-01,1971,2,2.48011,1,28,-0.034026,2.51413,NaN,NaN,NaN,NaN,NaN,326.69,326.01,-0.15,NaN,NaN,NaN,NaN,NaN,NaN,NaN,PRE_GRACE
1971-03-01,1971,3,3.10026,1,31,0.0474679,3.05279,NaN,NaN,NaN,NaN,NaN,327.18,325.85,-0.18,NaN,NaN,NaN,NaN,NaN,NaN,NaN,PRE_GRACE
1971-04-01,1971,4,3.09063,1,30,-0.0547964,3.14543,NaN,NaN,NaN,NaN,NaN,327.78,325.39,-0.07,NaN,NaN,NaN,NaN,NaN,NaN,NaN,PRE_GRACE
1971-05-01,1971,5,3.13855,1,31,-0.187887,3.32644,NaN,NaN,NaN,NaN,NaN,328.93,325.99,-0.05,NaN,NaN,NaN,NaN,NaN,NaN,NaN,PRE_GRACE
1971-06-01,1971,6,2.5573,1,30,-0.264917,2.82222,NaN,NaN,NaN,NaN,NaN,328.57,326.34,-0.16,NaN,NaN,NaN,NaN,NaN,NaN,NaN,PRE_GRACE
1971-07-01,1971,7,2.39632,1,31,-0.243705,2.64003,NaN,NaN,NaN,NaN,NaN,327.36,326.67,-0.07,NaN,NaN,NaN,NaN,NaN,NaN,NaN,PRE_GRACE
1971-08-01,1971,8,2.44516,1,31,-0.143827,2.58899,NaN,NaN,NaN,NaN,NaN,325.43,326.77,-0.01,NaN,NaN,NaN,NaN,NaN,NaN,NaN,PRE_GRACE
1971-09-01,1971,9,2.90247,1,30,0.0211073,2.88136,NaN,NaN,NaN,NaN,NaN,323.36,326.38,-0.05,NaN,NaN,NaN,NaN,NaN,NaN,NaN,PRE_GRACE
1971-10-01,1971,10,3.52003,1,31,0.0916631,3.42837,NaN,NaN,NaN,NaN,NaN,323.56,326.69,-0.04,NaN,NaN,NaN,NaN,NaN,NaN,NaN,PRE_GRACE
1971-11-01,1971,11,3.53173,1,30,-0.0766153,3.60835,NaN,NaN,NaN,NaN,NaN,324.8,326.75,-0.07,NaN,NaN,NaN,NaN,NaN,NaN,NaN,PRE_GRACE
1971-12-01,1971,12,2.90587,1,31,-0.260546,3.16642,NaN,NaN,NaN,NaN,NaN,326.01,326.81,-0.08,NaN,NaN,NaN,NaN,NaN,NaN,NaN,PRE_GRACE
1972-01-01,1972,1,3.12039,0.7,31,-0.190035,3.31042,NaN,NaN,NaN,NaN,NaN,326.77,326.71,-0.22,NaN,NaN,NaN,NaN,NaN,NaN,NaN,PRE_GRACE
1972-02-01,1972,2,3.36734,0.7,29,0.00430439,3.36304,NaN,NaN,NaN,NaN,NaN,327.63,326.96,-0.18,NaN,NaN,NaN,NaN,NaN,NaN,NaN,PRE_GRACE
1972-03-01,1972,3,3.44532,0.7,31,0.113146,3.33218,NaN,NaN,NaN,NaN,NaN,327.75,326.39,0.03,NaN,NaN,NaN,NaN,NaN,NaN,NaN,PRE_GRACE
1972-04-01,1972,4,3.49617,0.7,30,0.00375333,3.49241,NaN,NaN,NaN,NaN,NaN,329.72,327.3,0,NaN,NaN,NaN,NaN,NaN,NaN,NaN,PRE_GRACE
1972-05-01,1972,5,3.34039,0.7,31,-0.195223,3.53561,NaN,NaN,NaN,NaN,NaN,330.07,327.12,-0.03,NaN,NaN,NaN,NaN,NaN,NaN,NaN,PRE_GRACE
1972-06-01,1972,6,2.751,0.7,30,-0.250011,3.00101,NaN,NaN,NaN,NaN,NaN,329.09,326.87,0.04,NaN,NaN,NaN,NaN,NaN,NaN,NaN,PRE_GRACE
1972-07-01,1972,7,2.54877,0.7,31,-0.142013,2.69079,NaN,NaN,NaN,NaN,NaN,328.04,327.38,0.01,NaN,NaN,NaN,NaN,NaN,NaN,NaN,PRE_GRACE
1972-08-01,1972,8,2.58839,0.7,31,-0.0316692,2.62006,NaN,NaN,NaN,NaN,NaN,326.32,327.69,0.16,NaN,NaN,NaN,NaN,NaN,NaN,NaN,PRE_GRACE
1972-09-01,1972,9,3.03887,0.7,30,0.0593459,2.97952,NaN,NaN,NaN,NaN,NaN,324.84,327.88,0.02,NaN,NaN,NaN,NaN,NaN,NaN,NaN,PRE_GRACE
1972-10-01,1972,10,3.29719,0.7,31,0.080832,3.21636,NaN,NaN,NaN,NaN,NaN,325.2,328.33,0.08,NaN,NaN,NaN,NaN,NaN,NaN,NaN,PRE_GRACE
1972-11-01,1972,11,3.29913,0.7,30,-0.0451409,3.34427,NaN,NaN,NaN,NaN,NaN,326.5,328.46,0.02,NaN,NaN,NaN,NaN,NaN,NaN,NaN,PRE_GRACE
1972-12-01,1972,12,3.22745,0.7,31,-0.194576,3.42203,NaN,NaN,NaN,NaN,NaN,327.55,328.35,0.18,NaN,NaN,NaN,NaN,NaN,NaN,NaN,PRE_GRACE
1973-01-01,1973,1,3.11374,0.7,31,-0.184361,3.2981,NaN,NaN,NaN,NaN,NaN,328.55,328.49,0.29,NaN,NaN,NaN,NaN,NaN,NaN,NaN,PRE_GRACE
1973-02-01,1973,2,3.35636,0.7,28,0.0249607,3.3314,NaN,NaN,NaN,NaN,NaN,329.57,328.89,0.32,NaN,NaN,NaN,NaN,NaN,NaN,NaN,PRE_GRACE
1973-03-01,1973,3,3.51271,0.7,31,0.126523,3.38619,NaN,NaN,NaN,NaN,NaN,330.3,328.97,0.29,NaN,NaN,NaN,NaN,NaN,NaN,NaN,PRE_GRACE
1973-04-01,1973,4,3.46067,0.7,30,0.105275,3.35539,NaN,NaN,NaN,NaN,NaN,331.5,329.1,0.27,NaN,NaN,NaN,NaN,NaN,NaN,NaN,PRE_GRACE
1973-05-01,1973,5,3.17806,0.7,31,-0.0745939,3.25266,NaN,NaN,NaN,NaN,NaN,332.48,329.52,0.23,NaN,NaN,NaN,NaN,NaN,NaN,NaN,PRE_GRACE
1973-06-01,1973,6,2.68273,0.7,30,-0.224294,2.90703,NaN,NaN,NaN,NaN,NaN,332.07,329.83,0.19,NaN,NaN,NaN,NaN,NaN,NaN,NaN,PRE_GRACE
1973-07-01,1973,7,2.48613,0.7,31,-0.13834,2.62447,NaN,NaN,NaN,NaN,NaN,330.87,330.18,0.13,NaN,NaN,NaN,NaN,NaN,NaN,NaN,PRE_GRACE
1973-08-01,1973,8,2.61542,0.7,31,0.047273,2.56815,NaN,NaN,NaN,NaN,NaN,329.31,330.66,0.05,NaN,NaN,NaN,NaN,NaN,NaN,NaN,PRE_GRACE
1973-09-01,1973,9,2.8569,0.7,30,0.122535,2.73436,NaN,NaN,NaN,NaN,NaN,327.52,330.56,0.09,NaN,NaN,NaN,NaN,NaN,NaN,NaN,PRE_GRACE
1973-10-01,1973,10,3.08716,0.7,31,0.0621794,3.02498,NaN,NaN,NaN,NaN,NaN,327.19,330.33,0.1,NaN,NaN,NaN,NaN,NaN,NaN,NaN,PRE_GRACE
1973-11-01,1973,11,3.2986,0.7,30,-0.0530991,3.3517,NaN,NaN,NaN,NaN,NaN,328.17,330.13,0.04,NaN,NaN,NaN,NaN,NaN,NaN,NaN,PRE_GRACE
1973-12-01,1973,12,2.91768,0.7,31,-0.121354,3.03903,NaN,NaN,NaN,NaN,NaN,328.65,329.45,-0.07,NaN,NaN,NaN,NaN,NaN,NaN,NaN,PRE_GRACE
1974-01-01,1974,1,2.54539,0.7,31,-0.0574855,2.60287,NaN,NaN,NaN,NaN,NaN,329.36,329.3,-0.1,NaN,NaN,NaN,NaN,NaN,NaN,NaN,PRE_GRACE
1974-02-01,1974,2,2.81157,0.7,28,0.0878151,2.72376,NaN,NaN,NaN,NaN,NaN,330.71,330.03,-0.27,NaN,NaN,NaN,NaN,NaN,NaN,NaN,PRE_GRACE
1974-03-01,1974,3,3.05681,0.7,31,0.160732,2.89607,NaN,NaN,NaN,NaN,NaN,331.49,330.15,-0.05,NaN,NaN,NaN,NaN,NaN,NaN,NaN,PRE_GRACE
1974-04-01,1974,4,3.24937,0.7,30,0.140131,3.10924,NaN,NaN,NaN,NaN,NaN,332.65,330.24,-0.12,NaN,NaN,NaN,NaN,NaN,NaN,NaN,PRE_GRACE
1974-05-01,1974,5,3.09529,0.7,31,0.0103673,3.08492,NaN,NaN,NaN,NaN,NaN,333.19,330.22,-0.04,NaN,NaN,NaN,NaN,NaN,NaN,NaN,PRE_GRACE
1974-06-01,1974,6,2.28043,0.7,30,-0.149386,2.42982,NaN,NaN,NaN,NaN,NaN,332.2,329.79,-0.05,NaN,NaN,NaN,NaN,NaN,NaN,NaN,PRE_GRACE
1974-07-01,1974,7,1.93126,0.7,31,-0.150683,2.08194,NaN,NaN,NaN,NaN,NaN,331.07,330.21,-0.03,NaN,NaN,NaN,NaN,NaN,NaN,NaN,PRE_GRACE
1974-08-01,1974,8,2.28081,0.7,31,0.0315247,2.24928,NaN,NaN,NaN,NaN,NaN,329.15,330.54,0.1,NaN,NaN,NaN,NaN,NaN,NaN,NaN,PRE_GRACE
1974-09-01,1974,9,2.58213,0.7,30,0.197973,2.38416,NaN,NaN,NaN,NaN,NaN,327.33,330.44,-0.08,NaN,NaN,NaN,NaN,NaN,NaN,NaN,PRE_GRACE
1974-10-01,1974,10,2.98613,0.7,31,0.177216,2.80891,NaN,NaN,NaN,NaN,NaN,327.28,330.53,-0.06,NaN,NaN,NaN,NaN,NaN,NaN,NaN,PRE_GRACE
1974-11-01,1974,11,3.0305,0.7,30,0.00166138,3.02884,NaN,NaN,NaN,NaN,NaN,328.31,330.5,-0.08,NaN,NaN,NaN,NaN,NaN,NaN,NaN,PRE_GRACE
1974-12-01,1974,12,2.76074,0.7,31,-0.0969362,2.85768,NaN,NaN,NaN,NaN,NaN,329.58,330.55,-0.08,NaN,NaN,NaN,NaN,NaN,NaN,NaN,PRE_GRACE
1975-01-01,1975,1,2.81084,0.7,31,0.0287598,2.78208,NaN,NaN,NaN,NaN,NaN,330.73,330.84,0.1,NaN,NaN,NaN,NaN,NaN,NaN,NaN,PRE_GRACE
1975-02-01,1975,2,2.9495,0.7,28,0.141943,2.80756,NaN,NaN,NaN,NaN,NaN,331.46,330.85,0.08,NaN,NaN,NaN,NaN,NaN,NaN,NaN,PRE_GRACE
1975-03-01,1975,3,2.97339,0.7,31,0.243738,2.72965,NaN,NaN,NaN,NaN,NaN,331.94,330.37,0.12,NaN,NaN,NaN,NaN,NaN,NaN,NaN,PRE_GRACE
1975-04-01,1975,4,2.99743,0.7,30,0.141726,2.85571,NaN,NaN,NaN,NaN,NaN,333.11,330.53,0.04,NaN,NaN,NaN,NaN,NaN,NaN,NaN,PRE_GRACE
1975-05-01,1975,5,2.75706,0.7,31,-0.018262,2.77533,NaN,NaN,NaN,NaN,NaN,333.95,330.98,0.16,NaN,NaN,NaN,NaN,NaN,NaN,NaN,PRE_GRACE
1975-06-01,1975,6,2.34797,0.7,30,-0.10367,2.45164,NaN,NaN,NaN,NaN,NaN,333.42,331.01,-0.01,NaN,NaN,NaN,NaN,NaN,NaN,NaN,PRE_GRACE
1975-07-01,1975,7,1.84013,0.7,31,-0.0645069,1.90464,NaN,NaN,NaN,NaN,NaN,331.97,331.12,-0.01,NaN,NaN,NaN,NaN,NaN,NaN,NaN,PRE_GRACE
1975-08-01,1975,8,2.15545,0.7,31,0.0666846,2.08877,NaN,NaN,NaN,NaN,NaN,329.95,331.33,-0.17,NaN,NaN,NaN,NaN,NaN,NaN,NaN,PRE_GRACE
1975-09-01,1975,9,2.50857,0.7,30,0.220386,2.28818,NaN,NaN,NaN,NaN,NaN,328.49,331.6,-0.02,NaN,NaN,NaN,NaN,NaN,NaN,NaN,PRE_GRACE
1975-10-01,1975,10,3.09906,0.7,31,0.261755,2.83731,NaN,NaN,NaN,NaN,NaN,328.36,331.61,-0.11,NaN,NaN,NaN,NaN,NaN,NaN,NaN,PRE_GRACE
1975-11-01,1975,11,3.1124,0.7,30,0.104342,3.00806,NaN,NaN,NaN,NaN,NaN,329.38,331.57,-0.17,NaN,NaN,NaN,NaN,NaN,NaN,NaN,PRE_GRACE
1975-12-01,1975,12,2.77755,0.7,31,-0.0562464,2.83379,NaN,NaN,NaN,NaN,NaN,330.77,331.74,-0.17,NaN,NaN,NaN,NaN,NaN,NaN,NaN,PRE_GRACE
1976-01-01,1976,1,2.7909,0.7,31,-0.0080236,2.79893,0.0884663,-0.0283085,NaN,2.71046,NaN,331.56,331.67,-0.03,NaN,NaN,NaN,NaN,NaN,NaN,NaN,PRE_GRACE
1976-02-01,1976,2,2.88203,0.7,29,0.184815,2.69722,0.0351349,-0.0195823,NaN,2.66208,NaN,332.74,332.14,-0.06,NaN,NaN,NaN,NaN,NaN,NaN,NaN,PRE_GRACE
1976-03-01,1976,3,3.23419,0.7,31,0.288723,2.94547,0.235416,-0.0248762,NaN,2.71005,NaN,333.36,331.79,-0.22,NaN,NaN,NaN,NaN,NaN,NaN,NaN,PRE_GRACE
1976-04-01,1976,4,3.31677,0.7,30,0.199897,3.11687,0.39712,0.00687532,NaN,2.71975,NaN,334.74,332.16,-0.07,NaN,NaN,NaN,NaN,NaN,NaN,NaN,PRE_GRACE
1976-05-01,1976,5,3.11623,0.7,31,0.00449304,3.11173,0.450414,0.0295167,NaN,2.66132,NaN,334.72,331.75,-0.2,NaN,NaN,NaN,NaN,NaN,NaN,NaN,PRE_GRACE
1976-06-01,1976,6,2.39033,0.7,30,-0.0745021,2.46484,-0.16391,0.0202274,NaN,2.62875,NaN,333.97,331.56,-0.12,NaN,NaN,NaN,NaN,NaN,NaN,NaN,PRE_GRACE
1976-07-01,1976,7,2.40194,0.7,31,0.0228517,2.37908,-0.327175,0.0108171,NaN,2.70626,NaN,333.08,332.23,-0.1,NaN,NaN,NaN,NaN,NaN,NaN,NaN,PRE_GRACE
1976-08-01,1976,8,2.37452,0.7,31,0.171139,2.20338,-0.427546,0.00922257,NaN,2.63092,NaN,330.68,332.07,-0.12,NaN,NaN,NaN,NaN,NaN,NaN,NaN,PRE_GRACE
1976-09-01,1976,9,3.09147,0.7,30,0.262927,2.82854,0.0748657,-0.00737567,NaN,2.75367,NaN,328.96,332.07,-0.06,NaN,NaN,NaN,NaN,NaN,NaN,NaN,PRE_GRACE
1976-10-01,1976,10,3.32635,0.7,31,0.246507,3.07985,0.359985,-0.0232273,NaN,2.71986,NaN,328.72,331.98,-0.24,NaN,NaN,NaN,NaN,NaN,NaN,NaN,PRE_GRACE
1976-11-01,1976,11,3.067,0.7,30,0.109751,2.95725,0.262988,-0.0451039,NaN,2.69426,NaN,330.16,332.35,-0.06,NaN,NaN,NaN,NaN,NaN,NaN,NaN,PRE_GRACE
1976-12-01,1976,12,2.82435,0.7,31,-0.0203537,2.84471,0.24294,-0.0147888,NaN,2.60177,NaN,331.62,332.59,0.11,NaN,NaN,NaN,NaN,NaN,NaN,NaN,PRE_GRACE
1977-01-01,1977,1,2.7689,0.7,31,0.00673669,2.76217,0.0777584,-0.0163762,NaN,2.68441,NaN,332.68,332.77,0.19,NaN,NaN,NaN,NaN,NaN,NaN,NaN,PRE_GRACE
1977-02-01,1977,2,2.69582,0.7,28,0.201066,2.49476,-0.0348495,0.00170341,NaN,2.5296,NaN,333.17,332.58,0.23,NaN,NaN,NaN,NaN,NaN,NaN,NaN,PRE_GRACE
1977-03-01,1977,3,3.12671,0.7,31,0.287376,2.83933,0.159064,-0.00641427,NaN,2.68027,NaN,334.96,333.4,0.24,NaN,NaN,NaN,NaN,NaN,NaN,NaN,PRE_GRACE
1977-04-01,1977,4,3.26287,0.7,30,0.259033,3.00383,0.316613,-0.0050837,NaN,2.68722,NaN,336.14,333.54,0.26,NaN,NaN,NaN,NaN,NaN,NaN,NaN,PRE_GRACE
1977-05-01,1977,5,2.971,0.7,31,0.105696,2.8653,0.195014,-0.0127437,NaN,2.67029,NaN,336.93,334,0.33,NaN,NaN,NaN,NaN,NaN,NaN,NaN,PRE_GRACE
1977-06-01,1977,6,2.21687,0.7,30,-0.0415728,2.25844,-0.347041,0.0048128,NaN,2.60548,NaN,336.17,333.79,0.27,NaN,NaN,NaN,NaN,NaN,NaN,NaN,PRE_GRACE
1977-07-01,1977,7,1.92713,0.7,31,0.00920606,1.91792,-0.71899,0.00478916,NaN,2.63691,NaN,334.89,334.01,0.2,NaN,NaN,NaN,NaN,NaN,NaN,NaN,PRE_GRACE
1977-08-01,1977,8,2.10771,0.7,31,0.188023,1.91969,-0.701984,0.0289575,NaN,2.62167,NaN,332.56,333.91,0.18,NaN,NaN,NaN,NaN,NaN,NaN,NaN,PRE_GRACE
1977-09-01,1977,9,2.87093,0.7,30,0.290196,2.58074,-0.14939,-0.00264472,NaN,2.73013,NaN,331.29,334.36,0.02,NaN,NaN,NaN,NaN,NaN,NaN,NaN,PRE_GRACE
1977-10-01,1977,10,3.14394,0.7,31,0.232296,2.91164,0.178744,-0.00830449,NaN,2.7329,NaN,331.28,334.51,0.03,NaN,NaN,NaN,NaN,NaN,NaN,NaN,PRE_GRACE
1977-11-01,1977,11,3.06663,0.7,30,0.0896258,2.97701,0.32345,-0.019785,NaN,2.65356,NaN,332.46,334.68,0.16,NaN,NaN,NaN,NaN,NaN,NaN,NaN,PRE_GRACE
1977-12-01,1977,12,3.18842,0.7,31,0.00128419,3.18714,0.540892,-0.0170065,NaN,2.64624,NaN,333.6,334.58,0.03,NaN,NaN,NaN,NaN,NaN,NaN,NaN,PRE_GRACE
1978-01-01,1978,1,3.11065,0.7,31,0.0929465,3.0177,0.402356,-0.0123989,NaN,2.61534,NaN,334.94,335.01,0.06,NaN,NaN,NaN,NaN,NaN,NaN,NaN,PRE_GRACE
1978-02-01,1978,2,3.53686,0.7,28,0.238686,3.29817,0.695557,0.0101236,NaN,2.60261,NaN,335.26,334.6,0.1,NaN,NaN,NaN,NaN,NaN,NaN,NaN,PRE_GRACE
1978-03-01,1978,3,3.38761,0.7,31,0.322893,3.06472,0.487367,-0.00617154,NaN,2.57735,NaN,336.66,335,0.19,NaN,NaN,NaN,NaN,NaN,NaN,NaN,PRE_GRACE
1978-04-01,1978,4,3.34733,0.7,30,0.25786,3.08947,0.485409,-0.00893035,NaN,2.60406,NaN,337.69,335.07,0.17,NaN,NaN,NaN,NaN,NaN,NaN,NaN,PRE_GRACE
1978-05-01,1978,5,3.10613,0.7,31,0.113934,2.9922,0.418889,-0.00377267,NaN,2.57331,NaN,338.02,335.08,0.09,NaN,NaN,NaN,NaN,NaN,NaN,NaN,PRE_GRACE
1978-06-01,1978,6,2.3291,0.7,30,-0.0171554,2.34626,-0.19482,0.0080309,NaN,2.54108,NaN,338.01,335.6,-0.01,NaN,NaN,NaN,NaN,NaN,NaN,NaN,PRE_GRACE
1978-07-01,1978,7,1.85471,0.7,31,-0.0128585,1.86757,-0.57945,-0.0140988,NaN,2.44702,NaN,336.5,335.65,0.04,NaN,NaN,NaN,NaN,NaN,NaN,NaN,PRE_GRACE
1978-08-01,1978,8,2.24,0.7,31,0.135926,2.10407,-0.407424,0.0140438,NaN,2.5115,NaN,334.42,335.87,-0.14,NaN,NaN,NaN,NaN,NaN,NaN,NaN,PRE_GRACE
1978-09-01,1978,9,2.60453,0.7,30,0.292857,2.31168,-0.222107,0.0136838,NaN,2.53378,NaN,332.36,335.51,0.06,NaN,NaN,NaN,NaN,NaN,NaN,NaN,PRE_GRACE
1978-10-01,1978,10,3.06677,0.7,31,0.28932,2.77745,0.193516,0.00547054,NaN,2.58394,NaN,332.45,335.72,0.03,NaN,NaN,NaN,NaN,NaN,NaN,NaN,PRE_GRACE
1978-11-01,1978,11,3.10327,0.7,30,0.12362,2.97965,0.480366,-0.0452013,NaN,2.49928,NaN,333.76,335.99,0.13,NaN,NaN,NaN,NaN,NaN,NaN,NaN,PRE_GRACE
1978-12-01,1978,12,2.92377,0.7,31,0.000770537,2.923,0.492971,-0.0307862,NaN,2.43003,NaN,334.91,335.87,0.08,NaN,NaN,NaN,NaN,NaN,NaN,NaN,PRE_GRACE
1979-01-01,1979,1,3.02768,0.7,31,0.0992596,2.92842,0.444004,0.00140523,NaN,2.48441,NaN,336.14,336.22,0.09,NaN,NaN,NaN,NaN,NaN,NaN,NaN,PRE_GRACE
1979-02-01,1979,2,2.87107,0.7,28,0.230894,2.64018,0.172835,-0.0340291,NaN,2.46734,NaN,336.69,336,-0.1,NaN,NaN,NaN,NaN,NaN,NaN,NaN,PRE_GRACE
1979-03-01,1979,3,3.05061,0.7,31,0.347151,2.70346,0.236026,0.00375369,NaN,2.46744,NaN,338.27,336.56,0.19,NaN,NaN,NaN,NaN,NaN,NaN,NaN,PRE_GRACE
1979-04-01,1979,4,3.1448,0.7,30,0.227677,2.91712,0.397487,0.00869693,NaN,2.51964,NaN,338.82,336.11,0.15,NaN,NaN,NaN,NaN,NaN,NaN,NaN,PRE_GRACE
1979-05-01,1979,5,2.77039,0.7,31,0.0351337,2.73525,0.304626,0.0116161,NaN,2.43063,NaN,339.24,336.24,0.03,NaN,NaN,NaN,NaN,NaN,NaN,NaN,PRE_GRACE
1979-06-01,1979,6,2.27383,0.7,30,-0.0516637,2.3255,-0.139673,0.0174899,NaN,2.46517,NaN,339.26,336.83,0.14,NaN,NaN,NaN,NaN,NaN,NaN,NaN,PRE_GRACE
1979-07-01,1979,7,1.93313,0.7,31,0.00921663,1.92391,-0.461376,0.0392072,NaN,2.38529,NaN,337.54,336.69,0.04,NaN,NaN,NaN,NaN,NaN,NaN,NaN,PRE_GRACE
1979-08-01,1979,8,2.08274,0.7,31,0.157367,1.92537,-0.466894,-0.00335158,NaN,2.39227,NaN,335.72,337.2,0.17,NaN,NaN,NaN,NaN,NaN,NaN,NaN,PRE_GRACE
1979-09-01,1979,9,2.313,0.7,30,0.276155,2.03684,-0.324413,0.0161574,NaN,2.36126,NaN,333.97,337.19,0.25,NaN,NaN,NaN,NaN,NaN,NaN,NaN,PRE_GRACE
1979-10-01,1979,10,2.76506,0.7,31,0.283051,2.48201,0.118417,0.0132082,NaN,2.3636,NaN,334.24,337.57,0.26,NaN,NaN,NaN,NaN,NaN,NaN,NaN,PRE_GRACE
1979-11-01,1979,11,2.5873,0.7,30,0.148638,2.43866,0.0755439,-0.00958078,NaN,2.36312,NaN,335.32,337.59,0.28,NaN,NaN,NaN,NaN,NaN,NaN,NaN,PRE_GRACE
1979-12-01,1979,12,2.56029,0.7,31,0.00440785,2.55588,0.249558,-0.0275973,NaN,2.30632,NaN,336.81,337.83,0.47,NaN,NaN,NaN,NaN,NaN,NaN,NaN,PRE_GRACE
1980-01-01,1980,1,2.50465,0.15,31,0.0171303,2.48751,0.253247,-0.0353143,NaN,2.23427,NaN,337.9,338.13,0.3,NaN,NaN,NaN,NaN,NaN,NaN,NaN,PRE_GRACE
1980-02-01,1980,2,2.43503,0.15,29,0.203682,2.23135,0.0513908,-0.046784,NaN,2.17996,NaN,338.34,337.85,0.39,NaN,NaN,NaN,NaN,NaN,NaN,NaN,PRE_GRACE
1980-03-01,1980,3,2.5379,0.15,31,0.301487,2.23642,0.0848957,-0.022891,NaN,2.15152,NaN,340.07,338.51,0.29,NaN,NaN,NaN,NaN,NaN,NaN,NaN,PRE_GRACE
1980-04-01,1980,4,2.66703,0.15,30,0.228496,2.43854,0.256827,-0.0326596,NaN,2.18171,NaN,340.93,338.31,0.3,NaN,NaN,NaN,NaN,NaN,NaN,NaN,PRE_GRACE
1980-05-01,1980,5,2.38403,0.15,31,0.0295489,2.35448,0.221845,0.00878367,NaN,2.13264,NaN,341.45,338.4,0.35,NaN,NaN,NaN,NaN,NaN,NaN,NaN,PRE_GRACE
1980-06-01,1980,6,1.89737,0.15,30,-0.0816628,1.97903,-0.113341,0.00718543,NaN,2.09237,NaN,341.36,338.85,0.2,NaN,NaN,NaN,NaN,NaN,NaN,NaN,PRE_GRACE
1980-07-01,1980,7,1.66561,0.15,31,0.00810548,1.65751,-0.421255,0.0193359,NaN,2.07876,NaN,339.45,338.56,0.22,NaN,NaN,NaN,NaN,NaN,NaN,NaN,PRE_GRACE
1980-08-01,1980,8,1.81316,0.15,31,0.192691,1.62047,-0.474072,0.0409816,NaN,2.09454,NaN,337.67,339.07,0.18,NaN,NaN,NaN,NaN,NaN,NaN,NaN,PRE_GRACE
1980-09-01,1980,9,2.3043,0.15,30,0.263839,2.04046,-0.099604,0.0299947,NaN,2.14006,NaN,336.25,339.38,0.2,NaN,NaN,NaN,NaN,NaN,NaN,NaN,PRE_GRACE
1980-10-01,1980,10,2.52358,0.15,31,0.205436,2.31814,0.189143,0.0106427,NaN,2.129,NaN,336.14,339.4,0.13,NaN,NaN,NaN,NaN,NaN,NaN,NaN,PRE_GRACE
1980-11-01,1980,11,2.48763,0.15,30,0.0686907,2.41894,0.333984,-0.0312855,NaN,2.08496,NaN,337.3,339.46,0.3,NaN,NaN,NaN,NaN,NaN,NaN,NaN,PRE_GRACE
1980-12-01,1980,12,2.38065,0.15,31,-0.0375428,2.41819,0.359073,-0.0170813,NaN,2.05912,NaN,338.29,339.26,0.21,NaN,NaN,NaN,NaN,NaN,NaN,NaN,PRE_GRACE
1981-01-01,1981,1,2.3449,0.15,31,-0.00288203,2.34779,0.237008,-0.0110296,NaN,2.11078,NaN,339.29,339.42,0.53,NaN,NaN,NaN,NaN,NaN,NaN,NaN,PRE_GRACE
1981-02-01,1981,2,2.26721,0.15,28,0.167381,2.09983,0.0576173,-0.0336456,NaN,2.04222,NaN,340.55,339.98,0.42,NaN,NaN,NaN,NaN,NaN,NaN,NaN,PRE_GRACE
1981-03-01,1981,3,2.62997,0.15,31,0.229152,2.40082,0.388866,-0.0118584,NaN,2.01195,NaN,341.63,340.08,0.48,NaN,NaN,NaN,NaN,NaN,NaN,NaN,PRE_GRACE
1981-04-01,1981,4,2.7446,0.15,30,0.195932,2.54867,0.49354,0.0153048,NaN,2.05513,NaN,342.6,339.98,0.32,NaN,NaN,NaN,NaN,NaN,NaN,NaN,PRE_GRACE
1981-05-01,1981,5,2.46506,0.15,31,0.070849,2.39422,0.35364,0.00431337,NaN,2.04058,NaN,343.04,339.97,0.25,NaN,NaN,NaN,NaN,NaN,NaN,NaN,PRE_GRACE
1981-06-01,1981,6,1.88963,0.15,30,-0.0850363,1.97467,-0.0166434,0.00517356,NaN,1.99131,NaN,342.54,340.06,0.29,NaN,NaN,NaN,NaN,NaN,NaN,NaN,PRE_GRACE
1981-07-01,1981,7,1.29181,0.15,31,-0.0752512,1.36706,-0.662593,0.026821,NaN,2.02965,NaN,340.82,339.92,0.33,NaN,NaN,NaN,NaN,NaN,NaN,NaN,PRE_GRACE
1981-08-01,1981,8,1.54019,0.15,31,0.105677,1.43452,-0.570089,0.0169235,NaN,2.00461,NaN,338.48,339.87,0.35,NaN,NaN,NaN,NaN,NaN,NaN,NaN,PRE_GRACE
1981-09-01,1981,9,1.97103,0.15,30,0.232189,1.73884,-0.334499,0.0188679,NaN,2.07334,NaN,336.95,340.17,0.15,NaN,NaN,NaN,NaN,NaN,NaN,NaN,PRE_GRACE
1981-10-01,1981,10,2.32145,0.15,31,0.172548,2.1489,0.0338635,0.045214,NaN,2.11504,NaN,337.05,340.39,0.12,NaN,NaN,NaN,NaN,NaN,NaN,NaN,PRE_GRACE
1981-11-01,1981,11,2.1925,0.15,30,-0.000601609,2.1931,0.163209,-0.00172073,NaN,2.02989,NaN,338.58,340.75,0.23,NaN,NaN,NaN,NaN,NaN,NaN,NaN,PRE_GRACE
1981-12-01,1981,12,2.20139,0.15,31,-0.106063,2.30745,0.276626,-0.0154861,NaN,2.03082,NaN,339.91,340.85,0.41,NaN,NaN,NaN,NaN,NaN,NaN,NaN,PRE_GRACE
1982-01-01,1982,1,2.08903,0.15,31,0.0157432,2.07329,0.0645817,-0.00929939,0.0477511,2.00871,1.97026,340.93,341.09,0.05,NaN,NaN,NaN,NaN,NaN,NaN,NaN,PRE_GRACE
1982-02-01,1982,2,2.24246,0.15,28,0.150801,2.09166,0.0451246,-0.0200959,0.0913226,2.04654,1.97531,341.76,341.16,0.15,NaN,NaN,NaN,NaN,NaN,NaN,NaN,PRE_GRACE
1982-03-01,1982,3,2.37784,0.15,31,0.23372,2.14412,0.0904381,-0.0137911,0.132941,2.05368,1.93453,342.78,341.18,0.03,NaN,NaN,NaN,NaN,NaN,NaN,NaN,PRE_GRACE
1982-04-01,1982,4,2.6143,0.15,30,0.126875,2.48743,0.402734,0.0128423,0.135755,2.08469,1.93609,343.96,341.32,0.15,NaN,NaN,NaN,NaN,NaN,NaN,NaN,PRE_GRACE
1982-05-01,1982,5,2.32587,0.15,31,-0.0164884,2.34236,0.245152,0.025892,0.112428,2.09721,1.95889,344.77,341.67,0.18,NaN,NaN,NaN,NaN,NaN,NaN,NaN,PRE_GRACE
1982-06-01,1982,6,1.8905,0.15,30,-0.11933,2.00983,-0.0158918,0.00197398,0.0729409,2.02572,1.95081,343.88,341.43,0.06,NaN,NaN,NaN,NaN,NaN,NaN,NaN,PRE_GRACE
1982-07-01,1982,7,1.4021,0.15,31,-0.113716,1.51581,-0.512261,0.00450656,0.0237713,2.02807,1.9998,342.42,341.61,0.14,NaN,NaN,NaN,NaN,NaN,NaN,NaN,PRE_GRACE
1982-08-01,1982,8,1.56626,0.15,31,0.00035189,1.56591,-0.553853,0.0311491,0.00936678,2.11976,2.07924,340.24,341.64,0.03,NaN,NaN,NaN,NaN,NaN,NaN,NaN,PRE_GRACE
1982-09-01,1982,9,2.22333,0.15,30,0.15035,2.07298,-0.108011,0.0366434,-0.00567412,2.181,2.15003,338.37,341.56,0.14,NaN,NaN,NaN,NaN,NaN,NaN,NaN,PRE_GRACE
1982-10-01,1982,10,2.30374,0.15,31,0.168658,2.13508,0.0076781,-0.0217876,-0.012449,2.12741,2.16164,338.41,341.77,0.13,NaN,NaN,NaN,NaN,NaN,NaN,NaN,PRE_GRACE
1982-11-01,1982,11,2.46203,0.15,30,0.0081762,2.45386,0.357817,-0.0483956,-0.0129089,2.09604,2.15734,339.44,341.59,0.18,NaN,NaN,NaN,NaN,NaN,NaN,NaN,PRE_GRACE
1982-12-01,1982,12,2.4991,0.15,31,-0.146804,2.6459,0.533063,-0.0159954,0.00661093,2.11284,2.12222,340.78,341.71,0.43,NaN,NaN,NaN,NaN,NaN,NaN,NaN,PRE_GRACE
1983-01-01,1983,1,2.82288,0.15,31,-0.0645396,2.88742,0.760962,0.00416052,0.0287032,2.12646,2.09359,341.57,341.75,0.53,NaN,NaN,NaN,NaN,NaN,NaN,NaN,PRE_GRACE
1983-02-01,1983,2,2.93332,0.15,28,0.0870989,2.84623,0.781536,-0.0191248,0.0482422,2.06469,2.03557,342.78,342.25,0.43,NaN,NaN,NaN,NaN,NaN,NaN,NaN,PRE_GRACE
1983-03-01,1983,3,3.0027,0.15,31,0.216516,2.78619,0.709383,-0.0278038,0.0614327,2.0768,2.04317,343.37,341.85,0.42,NaN,NaN,NaN,NaN,NaN,NaN,NaN,PRE_GRACE
1983-04-01,1983,4,2.77869,0.15,30,0.0803999,2.69829,0.585298,0.00494845,0.0729119,2.11299,2.03513,345.4,342.76,0.28,NaN,NaN,NaN,NaN,NaN,NaN,NaN,PRE_GRACE
1983-05-01,1983,5,2.33331,0.15,31,-0.137358,2.47066,0.416782,0.0385353,0.0638548,2.05388,1.95149,346.14,342.97,0.34,NaN,NaN,NaN,NaN,NaN,NaN,NaN,PRE_GRACE
1983-06-01,1983,6,1.97145,0.15,30,-0.218116,2.18957,0.149151,-0.000942959,0.0343239,2.04042,2.00704,345.76,343.3,0.23,NaN,NaN,NaN,NaN,NaN,NaN,NaN,PRE_GRACE
1983-07-01,1983,7,1.41142,0.15,31,-0.132323,1.54374,-0.466373,0.000533985,0.0126184,2.01011,1.99696,344.32,343.56,0.18,NaN,NaN,NaN,NaN,NaN,NaN,NaN,PRE_GRACE
1983-08-01,1983,8,1.69546,0.15,31,0.0214051,1.67406,-0.379261,0.0403634,0.00938364,2.05332,2.00357,342.51,343.89,0.36,NaN,NaN,NaN,NaN,NaN,NaN,NaN,PRE_GRACE
1983-09-01,1983,9,1.80617,0.15,30,0.0990658,1.70711,-0.306318,0.0257269,0.0105743,2.01343,1.97712,340.46,343.59,0.37,NaN,NaN,NaN,NaN,NaN,NaN,NaN,PRE_GRACE
1983-10-01,1983,10,2.17087,0.15,31,0.0846553,2.08622,0.0168757,0.0419195,0.00832144,2.06934,2.0191,340.53,343.86,0.17,NaN,NaN,NaN,NaN,NaN,NaN,NaN,PRE_GRACE
1983-11-01,1983,11,2.45059,0.15,30,-0.0158659,2.46646,0.412205,0.00806496,0.00825565,2.05425,2.03793,341.79,343.92,0.3,NaN,NaN,NaN,NaN,NaN,NaN,NaN,PRE_GRACE
1983-12-01,1983,12,2.03399,0.15,31,-0.148716,2.18271,0.172503,0.000275245,0.0317183,2.0102,1.97821,343.2,344.12,0.17,NaN,NaN,NaN,NaN,NaN,NaN,NaN,PRE_GRACE
1984-01-01,1984,1,1.63599,0.0978484,31,-0.166988,1.80298,-0.219049,-0.0204197,0.0707704,2.02203,1.97168,344.21,344.32,0.31,NaN,NaN,NaN,NaN,NaN,NaN,NaN,PRE_GRACE
1984-02-01,1984,2,1.58539,0.239586,29,0.0179981,1.56739,-0.369347,-0.00546429,0.0977079,1.93674,1.8445,344.92,344.39,0.14,NaN,NaN,NaN,NaN,NaN,NaN,NaN,PRE_GRACE
1984-03-01,1984,3,1.97001,0.174187,31,0.119227,1.85078,-0.0813028,0.0140241,0.121245,1.93208,1.79681,345.68,344.26,0.26,NaN,NaN,NaN,NaN,NaN,NaN,NaN,PRE_GRACE
1984-04-01,1984,4,1.99208,0.114923,30,0.0614167,1.93066,0.0413669,-0.00196077,0.133846,1.8893,1.75741,347.37,344.75,0.06,NaN,NaN,NaN,NaN,NaN,NaN,NaN,PRE_GRACE
1984-05-01,1984,5,1.61058,0.187381,31,-0.140635,1.75122,-0.0883152,-0.00997523,0.111768,1.83953,1.73774,347.77,344.59,0.33,NaN,NaN,NaN,NaN,NaN,NaN,NaN,PRE_GRACE
1984-06-01,1984,6,1.07546,0.0870733,30,-0.277448,1.35291,-0.491719,0.0291925,0.0732385,1.84462,1.74219,347.16,344.73,0.02,NaN,NaN,NaN,NaN,NaN,NaN,NaN,PRE_GRACE
1984-07-01,1984,7,0.716816,0.216032,31,-0.182588,0.899404,-0.910663,0.00781389,0.0420716,1.81007,1.76018,345.79,345.02,0.19,NaN,NaN,NaN,NaN,NaN,NaN,NaN,PRE_GRACE
1984-08-01,1984,8,1.21872,0.129635,31,0.0311995,1.18752,-0.644481,-0.00440268,0.0218232,1.832,1.81458,343.74,345.12,0.19,NaN,NaN,NaN,NaN,NaN,NaN,NaN,PRE_GRACE
1984-09-01,1984,9,1.51116,0.114223,30,0.0744465,1.43671,-0.396092,0.0165092,0.0143313,1.8328,1.80196,341.59,344.76,0.21,NaN,NaN,NaN,NaN,NaN,NaN,NaN,PRE_GRACE
1984-10-01,1984,10,1.73347,0.0935839,31,-0.010311,1.74379,-0.0786296,0.0154538,0.00419316,1.82241,1.80277,341.86,345.19,0.13,NaN,NaN,NaN,NaN,NaN,NaN,NaN,PRE_GRACE
1984-11-01,1984,11,1.68005,0.0800267,30,-0.127873,1.80793,0.0410032,-0.0139494,0.00987253,1.76692,1.771,343.31,345.41,0.06,NaN,NaN,NaN,NaN,NaN,NaN,NaN,PRE_GRACE
1984-12-01,1984,12,1.52725,0.118445,31,-0.203386,1.73064,0.0194246,-0.0497459,0.0269692,1.71121,1.73399,345,345.88,-0.04,NaN,NaN,NaN,NaN,NaN,NaN,NaN,PRE_GRACE
1985-01-01,1985,1,1.56235,0.200413,31,-0.167706,1.73006,0.0338933,-0.0309516,0.0481012,1.69616,1.67901,345.48,345.59,0.22,NaN,NaN,NaN,NaN,NaN,NaN,NaN,PRE_GRACE
1985-02-01,1985,2,1.46163,0.109054,28,-0.0178094,1.47944,-0.154697,-0.0417962,0.0856297,1.63413,1.5903,346.41,345.92,-0.04,NaN,NaN,NaN,NaN,NaN,NaN,NaN,PRE_GRACE
1985-03-01,1985,3,1.85144,0.0753355,31,0.0209159,1.83052,0.198444,-0.0395406,0.0926904,1.63208,1.57893,347.91,346.56,0.17,NaN,NaN,NaN,NaN,NaN,NaN,NaN,PRE_GRACE
1985-04-01,1985,4,1.85096,0.102707,30,-0.000422644,1.85138,0.175781,0.00100964,0.112693,1.6756,1.5619,348.66,346.08,0.12,NaN,NaN,NaN,NaN,NaN,NaN,NaN,PRE_GRACE
1985-05-01,1985,5,1.68508,0.0806065,31,-0.0951529,1.78023,0.202205,-0.00779959,0.0841103,1.57803,1.50172,349.28,346.12,0.15,NaN,NaN,NaN,NaN,NaN,NaN,NaN,PRE_GRACE
1985-06-01,1985,6,1.28004,0.0741967,30,-0.263974,1.54402,-0.0607352,0.0565448,0.0403049,1.60475,1.5079,348.65,346.23,0.15,NaN,NaN,NaN,NaN,NaN,NaN,NaN,PRE_GRACE
1985-07-01,1985,7,0.577897,0.0910161,31,-0.281129,0.859026,-0.694118,0.033206,0.0143626,1.55314,1.50558,346.9,346.08,0.04,NaN,NaN,NaN,NaN,NaN,NaN,NaN,PRE_GRACE
1985-08-01,1985,8,0.769819,0.132239,31,-0.0834161,0.853235,-0.698737,0.0425008,0.00916963,1.55197,1.5003,345.26,346.57,0.17,NaN,NaN,NaN,NaN,NaN,NaN,NaN,PRE_GRACE
1985-09-01,1985,9,1.31796,0.18324,30,0.060507,1.25745,-0.31028,0.0642751,0.00267063,1.56773,1.50079,343.47,346.59,0.13,NaN,NaN,NaN,NaN,NaN,NaN,NaN,PRE_GRACE
1985-10-01,1985,10,1.82816,0.0850065,31,-0.000479309,1.82864,0.287025,0.024355,-0.0098554,1.54162,1.52712,343.35,346.6,0.12,NaN,NaN,NaN,NaN,NaN,NaN,NaN,PRE_GRACE
1985-11-01,1985,11,1.72304,0.0942333,30,-0.188657,1.9117,0.383997,-0.0143526,0.0026091,1.5277,1.53945,344.73,346.82,0.05,NaN,NaN,NaN,NaN,NaN,NaN,NaN,PRE_GRACE
1985-12-01,1985,12,1.45171,0.111723,31,-0.291198,1.74291,0.298684,-0.0257519,0.0223438,1.44422,1.44763,346.12,347.04,0.14,NaN,NaN,NaN,NaN,NaN,NaN,NaN,PRE_GRACE
1986-01-01,1986,1,1.45862,0.0964968,31,-0.140018,1.59864,0.142037,-0.0166465,0.0511429,1.4566,1.4221,346.78,346.82,0.26,NaN,NaN,NaN,NaN,NaN,NaN,NaN,PRE_GRACE
1986-02-01,1986,2,1.50262,0.103082,28,-0.0241868,1.52681,0.112689,-0.0153616,0.0763854,1.41412,1.3531,347.48,346.98,0.37,NaN,NaN,NaN,NaN,NaN,NaN,NaN,PRE_GRACE
1986-03-01,1986,3,1.35356,0.0944387,31,0.0506219,1.30294,-0.0629979,-0.00880715,0.0957128,1.36594,1.27903,348.25,346.93,0.3,NaN,NaN,NaN,NaN,NaN,NaN,NaN,PRE_GRACE
1986-04-01,1986,4,1.58729,0.0868967,30,-0.0677233,1.65501,0.242045,-0.00246795,0.0961112,1.41296,1.31932,349.86,347.29,0.22,NaN,NaN,NaN,NaN,NaN,NaN,NaN,PRE_GRACE
1986-05-01,1986,5,1.41423,0.126271,31,-0.186892,1.60112,0.207036,-0.00404285,0.0646643,1.39409,1.33346,350.52,347.42,0.21,NaN,NaN,NaN,NaN,NaN,NaN,NaN,PRE_GRACE
1986-06-01,1986,6,0.740063,0.08181,30,-0.271021,1.01108,-0.330784,-0.0332126,0.0181589,1.34187,1.35692,349.98,347.61,0.12,NaN,NaN,NaN,NaN,NaN,NaN,NaN,PRE_GRACE
1986-07-01,1986,7,0.642106,0.101561,31,-0.272115,0.914222,-0.483588,0.0125961,-5.25383e-05,1.39781,1.38527,348.25,347.43,0.11,NaN,NaN,NaN,NaN,NaN,NaN,NaN,PRE_GRACE
1986-08-01,1986,8,0.659794,0.0700581,31,-0.179266,0.83906,-0.543586,0.0016517,-0.0216877,1.38265,1.40268,346.17,347.51,0.16,NaN,NaN,NaN,NaN,NaN,NaN,NaN,PRE_GRACE
1986-09-01,1986,9,1.19414,0.0787233,30,-0.0211463,1.21529,-0.184583,0.0227948,-0.0322991,1.39987,1.40937,345.48,348.61,0.03,NaN,NaN,NaN,NaN,NaN,NaN,NaN,PRE_GRACE
1986-10-01,1986,10,1.66007,0.0715323,31,0.0252049,1.63487,0.225201,0.00644907,-0.0211184,1.40967,1.42434,344.82,348.04,0.15,NaN,NaN,NaN,NaN,NaN,NaN,NaN,PRE_GRACE
1986-11-01,1986,11,1.42439,0.0815733,30,-0.133416,1.55781,0.164917,-0.00778911,-0.0137229,1.39289,1.4144,346.22,348.28,0.1,NaN,NaN,NaN,NaN,NaN,NaN,NaN,PRE_GRACE
1986-12-01,1986,12,1.2459,0.0800871,31,-0.310212,1.55611,0.253546,-0.0389459,0.00309974,1.30257,1.33841,347.48,348.36,0.13,NaN,NaN,NaN,NaN,NaN,NaN,NaN,PRE_GRACE
1987-01-01,1987,1,1.24558,0.113642,31,-0.220729,1.46631,0.166141,-0.0371773,0.024435,1.30017,1.31291,348.73,348.66,0.32,NaN,NaN,NaN,NaN,NaN,NaN,NaN,PRE_GRACE
1987-02-01,1987,2,1.5943,0.0954643,28,-0.0602942,1.65459,0.275203,0.0253127,0.0445669,1.37939,1.30951,348.92,348.24,0.43,NaN,NaN,NaN,NaN,NaN,NaN,NaN,PRE_GRACE
1987-03-01,1987,3,1.84284,0.0989258,31,0.0796426,1.76319,0.41268,-0.0160247,0.0647635,1.35051,1.30177,349.81,348.39,0.18,NaN,NaN,NaN,NaN,NaN,NaN,NaN,PRE_GRACE
1987-04-01,1987,4,1.61658,0.104543,30,-0.0603809,1.67696,0.339541,0.00151596,0.0634471,1.33742,1.27246,351.4,348.84,0.24,NaN,NaN,NaN,NaN,NaN,NaN,NaN,PRE_GRACE
1987-05-01,1987,5,1.33666,0.0865032,31,-0.278427,1.61509,0.275214,0.0324344,0.0231172,1.33988,1.28433,352.15,349.09,0.26,NaN,NaN,NaN,NaN,NaN,NaN,NaN,PRE_GRACE
1987-06-01,1987,6,0.960573,0.0930467,30,-0.344258,1.30483,-0.0196515,0.0192789,-0.0115068,1.32448,1.31671,351.58,349.29,0.35,NaN,NaN,NaN,NaN,NaN,NaN,NaN,PRE_GRACE
1987-07-01,1987,7,0.613171,0.139213,31,-0.243895,0.857066,-0.44037,0.0064878,-0.047291,1.29744,1.33824,350.21,349.51,0.4,NaN,NaN,NaN,NaN,NaN,NaN,NaN,PRE_GRACE
1987-08-01,1987,8,0.840148,0.184648,31,-0.102284,0.942432,-0.401798,0.0433328,-0.0509999,1.34423,1.3519,348.2,349.65,0.25,NaN,NaN,NaN,NaN,NaN,NaN,NaN,PRE_GRACE
1987-09-01,1987,9,1.30837,0.0959733,30,-0.0400406,1.34841,-0.0185842,0.00630655,-0.056645,1.367,1.41734,346.66,349.85,0.35,NaN,NaN,NaN,NaN,NaN,NaN,NaN,PRE_GRACE
1987-10-01,1987,10,1.63465,0.0988484,31,-0.0373366,1.67198,0.26759,0.0187168,-0.0638488,1.40439,1.44952,346.72,349.96,0.33,NaN,NaN,NaN,NaN,NaN,NaN,NaN,PRE_GRACE
1987-11-01,1987,11,1.76732,0.0877533,30,-0.11561,1.88293,0.464202,0.0218737,-0.0669607,1.41873,1.46382,348.08,350.15,0.29,NaN,NaN,NaN,NaN,NaN,NaN,NaN,PRE_GRACE
1987-12-01,1987,12,1.62286,0.0999161,31,-0.254859,1.87772,0.478513,-0.0146155,-0.0488306,1.39921,1.46266,349.28,350.14,0.46,NaN,NaN,NaN,NaN,NaN,NaN,NaN,PRE_GRACE
1988-01-01,1988,1,1.3564,0.115923,31,-0.283417,1.63982,0.271723,-0.0538053,-0.0188172,1.3681,1.44072,350.51,350.49,0.57,NaN,NaN,NaN,NaN,NaN,NaN,NaN,PRE_GRACE
1988-02-01,1988,2,1.76014,0.229945,29,-0.0910475,1.85119,0.41283,-0.00985002,0.0150401,1.43836,1.43317,351.7,350.99,0.44,NaN,NaN,NaN,NaN,NaN,NaN,NaN,PRE_GRACE
1988-03-01,1988,3,1.71484,0.212842,31,0.024465,1.69038,0.271069,0.000751845,0.0517306,1.41931,1.36683,352.5,350.99,0.52,NaN,NaN,NaN,NaN,NaN,NaN,NaN,PRE_GRACE
1988-04-01,1988,4,1.85736,0.101043,30,-0.0218966,1.87925,0.416224,-0.00453077,0.0575547,1.46303,1.41,353.67,351.03,0.43,NaN,NaN,NaN,NaN,NaN,NaN,NaN,PRE_GRACE
1988-05-01,1988,5,1.56408,0.154826,31,-0.223631,1.78771,0.318045,-0.00416476,0.030224,1.46967,1.44361,354.35,351.22,0.44,NaN,NaN,NaN,NaN,NaN,NaN,NaN,PRE_GRACE
1988-06-01,1988,6,0.812393,0.12197,30,-0.363086,1.17548,-0.279026,0.00605627,-0.0118404,1.45451,1.46029,353.88,351.55,0.4,NaN,NaN,NaN,NaN,NaN,NaN,NaN,PRE_GRACE
1988-07-01,1988,7,0.513606,0.192716,31,-0.255624,0.769231,-0.738655,0.00288432,-0.0250567,1.50789,1.53006,352.8,352.16,0.33,NaN,NaN,NaN,NaN,NaN,NaN,NaN,PRE_GRACE
1988-08-01,1988,8,0.680642,0.274906,31,-0.0428142,0.723456,-0.796082,-0.0268505,-0.0214535,1.51954,1.56784,350.49,352.01,0.39,NaN,NaN,NaN,NaN,NaN,NaN,NaN,PRE_GRACE
1988-09-01,1988,9,0.994903,0.231587,30,-0.00743367,1.00234,-0.564052,-0.0115424,-0.00721901,1.56639,1.58515,348.97,352.18,0.37,NaN,NaN,NaN,NaN,NaN,NaN,NaN,PRE_GRACE
1988-10-01,1988,10,1.465,0.16461,31,-0.0800929,1.54509,-0.0660178,-0.0235556,-0.0222813,1.61111,1.65694,349.37,352.62,0.38,NaN,NaN,NaN,NaN,NaN,NaN,NaN,PRE_GRACE
1988-11-01,1988,11,1.70458,0.0879767,30,-0.179594,1.88417,0.272503,-0.035435,-0.0377287,1.61167,1.68483,350.42,352.53,0.12,NaN,NaN,NaN,NaN,NaN,NaN,NaN,PRE_GRACE
1988-12-01,1988,12,1.35649,0.146152,31,-0.248052,1.60454,0.0150491,-0.046828,-0.0251261,1.58949,1.66145,351.62,352.52,0.29,NaN,NaN,NaN,NaN,NaN,NaN,NaN,PRE_GRACE
1989-01-01,1989,1,1.239,0.440823,31,-0.219662,1.45866,-0.0486934,-0.0573824,0.00217278,1.50736,1.56257,353.07,352.99,0.12,NaN,NaN,NaN,NaN,NaN,NaN,NaN,PRE_GRACE
1989-02-01,1989,2,1.45493,0.19275,28,-0.0674942,1.52242,-0.151967,-0.0370284,0.03299,1.67439,1.67843,353.43,352.69,0.3,NaN,NaN,NaN,NaN,NaN,NaN,NaN,PRE_GRACE
1989-03-01,1989,3,1.58586,0.110187,31,-0.0225824,1.60844,-0.0836108,-0.0287138,0.0706349,1.69205,1.65013,354.08,352.6,0.36,NaN,NaN,NaN,NaN,NaN,NaN,NaN,PRE_GRACE
1989-04-01,1989,4,1.71754,0.119513,30,-0.0231398,1.74068,0.0550788,-0.00866837,0.0943825,1.6856,1.59989,355.72,353.07,0.29,NaN,NaN,NaN,NaN,NaN,NaN,NaN,PRE_GRACE
1989-05-01,1989,5,1.77481,0.121203,31,-0.115987,1.8908,0.128872,0.0316616,0.0736841,1.76193,1.65658,355.95,352.78,0.18,NaN,NaN,NaN,NaN,NaN,NaN,NaN,PRE_GRACE
1989-06-01,1989,6,1.17816,0.125997,30,-0.293686,1.47184,-0.268365,0.0308105,0.0421903,1.74021,1.66721,355.44,353.06,0.15,NaN,NaN,NaN,NaN,NaN,NaN,NaN,PRE_GRACE
1989-07-01,1989,7,0.9174,0.163784,31,-0.307516,1.22492,-0.565385,0.0410118,0.0170183,1.7903,1.73227,354.05,353.38,0.35,NaN,NaN,NaN,NaN,NaN,NaN,NaN,PRE_GRACE
1989-08-01,1989,8,1.09972,0.152206,31,-0.0998535,1.19958,-0.597487,0.0212857,-0.00251765,1.79706,1.7783,351.84,353.43,0.33,NaN,NaN,NaN,NaN,NaN,NaN,NaN,PRE_GRACE
1989-09-01,1989,9,1.36501,0.125397,30,0.050423,1.31458,-0.509238,0.0260161,-0.0151763,1.82382,1.81298,350.09,353.37,0.35,NaN,NaN,NaN,NaN,NaN,NaN,NaN,PRE_GRACE
1989-10-01,1989,10,1.91381,0.154832,31,-0.00346023,1.91727,0.0492936,0.0155083,-0.0265077,1.86798,1.87898,350.33,353.57,0.29,NaN,NaN,NaN,NaN,NaN,NaN,NaN,PRE_GRACE
1989-11-01,1989,11,2.1286,0.103347,30,-0.182319,2.31092,0.412678,-0.0107418,-0.0354587,1.89824,1.94444,351.55,353.68,0.2,NaN,NaN,NaN,NaN,NaN,NaN,NaN,PRE_GRACE
1989-12-01,1989,12,1.87288,0.104745,31,-0.276122,2.149,0.307985,-0.0316939,-0.0164847,1.84101,1.88919,352.91,353.84,0.37,NaN,NaN,NaN,NaN,NaN,NaN,NaN,PRE_GRACE
1990-01-01,1990,1,1.78912,0.209003,31,-0.127996,1.91711,0.0826217,-0.0590101,0.0199124,1.83449,1.87359,353.86,353.78,0.42,NaN,NaN,NaN,NaN,NaN,NaN,NaN,PRE_GRACE
1990-02-01,1990,2,2.30442,0.184879,28,-0.0166647,2.32109,0.426436,-0.0372424,0.051141,1.89465,1.88076,355.1,354.37,0.44,NaN,NaN,NaN,NaN,NaN,NaN,NaN,PRE_GRACE
1990-03-01,1990,3,2.31839,0.106903,31,0.0661108,2.25228,0.355606,-0.0143807,0.0659423,1.89667,1.84511,355.75,354.27,0.8,NaN,NaN,NaN,NaN,NaN,NaN,NaN,PRE_GRACE
1990-04-01,1990,4,2.22257,0.111167,30,-0.0313346,2.25391,0.362837,-0.0420293,0.070543,1.89107,1.86256,356.38,353.76,0.56,NaN,NaN,NaN,NaN,NaN,NaN,NaN,PRE_GRACE
1990-05-01,1990,5,1.93501,0.113323,31,-0.146681,2.08169,0.192323,-0.00685244,0.0542467,1.88936,1.84197,357.38,354.23,0.46,NaN,NaN,NaN,NaN,NaN,NaN,NaN,PRE_GRACE
1990-06-01,1990,6,1.63522,0.14982,30,-0.241922,1.87715,-0.0557567,0.0152196,0.0278533,1.9329,1.88983,356.39,354.02,0.37,NaN,NaN,NaN,NaN,NaN,NaN,NaN,PRE_GRACE
1990-07-01,1990,7,1.20676,0.148342,31,-0.243309,1.45007,-0.481533,0.0126363,0.0060484,1.9316,1.91292,354.89,354.24,0.46,NaN,NaN,NaN,NaN,NaN,NaN,NaN,PRE_GRACE
1990-08-01,1990,8,1.52856,0.161177,31,-0.135873,1.66444,-0.353014,0.0221149,-0.0146784,2.01745,2.01002,353.06,354.68,0.34,NaN,NaN,NaN,NaN,NaN,NaN,NaN,PRE_GRACE
1990-09-01,1990,9,1.88317,0.09698,30,0.0349194,1.84825,-0.195526,0.0175192,-0.0319559,2.04378,2.05822,351.38,354.69,0.23,NaN,NaN,NaN,NaN,NaN,NaN,NaN,PRE_GRACE
1990-10-01,1990,10,2.21909,0.14379,31,0.0868904,2.1322,0.122259,0.00429298,-0.0410044,2.00994,2.04665,351.69,354.94,0.45,NaN,NaN,NaN,NaN,NaN,NaN,NaN,PRE_GRACE
1990-11-01,1990,11,2.28095,0.220237,30,-0.0718626,2.35281,0.313341,-0.00438492,-0.047903,2.03947,2.09176,353.14,355.18,0.46,NaN,NaN,NaN,NaN,NaN,NaN,NaN,PRE_GRACE
1990-12-01,1990,12,2.0649,0.148161,31,-0.239921,2.30482,0.288639,-0.0374014,-0.0332897,2.01618,2.08687,354.41,355.26,0.4,NaN,NaN,NaN,NaN,NaN,NaN,NaN,PRE_GRACE
1991-01-01,1991,1,2.18205,0.0818258,31,-0.149868,2.33192,0.304867,-0.00564451,0.0123539,2.02705,2.02034,354.93,354.91,0.43,NaN,NaN,NaN,NaN,NaN,NaN,NaN,PRE_GRACE
1991-02-01,1991,2,2.27515,0.0688571,28,0.0108489,2.2643,0.240853,-0.00532974,0.0548625,2.02345,1.97392,355.82,355.11,0.5,NaN,NaN,NaN,NaN,NaN,NaN,NaN,PRE_GRACE
1991-03-01,1991,3,2.39217,0.120748,31,0.149276,2.24289,0.240066,-0.0172165,0.0731271,2.00283,1.94692,357.33,355.79,0.36,NaN,NaN,NaN,NaN,NaN,NaN,NaN,PRE_GRACE
1991-04-01,1991,4,2.32903,0.103713,30,0.0287524,2.30028,0.291258,0.00479623,0.0818865,2.00902,1.92234,358.77,356.13,0.51,NaN,NaN,NaN,NaN,NaN,NaN,NaN,PRE_GRACE
1991-05-01,1991,5,2.10818,0.0791161,31,-0.177527,2.28571,0.250689,-0.00371475,0.0645983,2.03502,1.97414,359.23,356.1,0.34,NaN,NaN,NaN,NaN,NaN,NaN,NaN,PRE_GRACE
1991-06-01,1991,6,1.72721,0.0786467,30,-0.248592,1.9758,-0.056749,0.0131039,0.0326758,2.03255,1.98677,358.23,355.88,0.53,NaN,NaN,NaN,NaN,NaN,NaN,NaN,PRE_GRACE
1991-07-01,1991,7,1.28705,0.106629,31,-0.157087,1.44414,-0.617108,0.0359855,0.000517698,2.06124,2.02474,356.3,355.69,0.48,NaN,NaN,NaN,NaN,NaN,NaN,NaN,PRE_GRACE
1991-08-01,1991,8,1.44792,0.0781129,31,-0.00873398,1.45665,-0.655617,0.0351399,-0.0180635,2.11227,2.09519,353.97,355.59,0.39,NaN,NaN,NaN,NaN,NaN,NaN,NaN,PRE_GRACE
1991-09-01,1991,9,2.05552,0.0700833,30,0.0786348,1.97689,-0.191152,0.0436208,-0.0481166,2.16804,2.17254,352.34,355.66,0.44,NaN,NaN,NaN,NaN,NaN,NaN,NaN,PRE_GRACE
1991-10-01,1991,10,2.03989,0.0853161,31,0.0912624,1.94862,-0.200072,0.0128373,-0.0798225,2.1487,2.21568,352.43,355.69,0.29,NaN,NaN,NaN,NaN,NaN,NaN,NaN,PRE_GRACE
1991-11-01,1991,11,2.35841,0.0653067,30,-0.00797703,2.36638,0.237327,0.00907778,-0.0897242,2.12906,2.2097,353.89,355.87,0.3,NaN,NaN,NaN,NaN,NaN,NaN,NaN,PRE_GRACE
1991-12-01,1991,12,2.28571,0.0866452,31,-0.150784,2.43649,0.368502,-0.0412184,-0.0734654,2.06799,2.18268,355.21,356.02,0.32,NaN,NaN,NaN,NaN,NaN,NaN,NaN,PRE_GRACE
1992-01-01,1992,1,2.38781,0.0283581,31,-0.158139,2.54595,0.450203,-0.0166922,-0.0491207,2.09575,2.16156,356.34,356.29,0.48,NaN,NaN,NaN,NaN,NaN,NaN,NaN,PRE_GRACE
1992-02-01,1992,2,2.4269,0.0781034,29,0.0371779,2.38972,0.299952,-0.0171829,-0.00856024,2.08977,2.11551,357.21,356.47,0.4,NaN,NaN,NaN,NaN,NaN,NaN,NaN,PRE_GRACE
1992-03-01,1992,3,2.77597,0.0351452,31,0.151126,2.62485,0.508421,-0.00514359,0.012337,2.11643,2.10923,357.97,356.38,0.48,NaN,NaN,NaN,NaN,NaN,NaN,NaN,PRE_GRACE
1992-04-01,1992,4,2.76095,0.0323567,30,0.10611,2.65484,0.550494,-0.00574007,0.0239938,2.10435,2.08609,359.22,356.51,0.28,NaN,NaN,NaN,NaN,NaN,NaN,NaN,PRE_GRACE
1992-05-01,1992,5,2.23834,0.0417968,31,-0.082978,2.32132,0.257532,-0.0274944,-0.0054246,2.06378,2.0967,359.71,356.52,0.31,NaN,NaN,NaN,NaN,NaN,NaN,NaN,PRE_GRACE
1992-06-01,1992,6,1.6477,0.0342733,30,-0.21153,1.85923,-0.197836,-0.0190544,-0.0477131,2.05707,2.12383,359.44,357.07,0.26,NaN,NaN,NaN,NaN,NaN,NaN,NaN,PRE_GRACE
1992-07-01,1992,7,1.36285,0.0262806,31,-0.111603,1.47446,-0.642334,0.0466901,-0.0715503,2.11679,2.14165,357.15,356.58,0.09,NaN,NaN,NaN,NaN,NaN,NaN,NaN,PRE_GRACE
1992-08-01,1992,8,1.83537,0.0322871,31,0.0888233,1.74655,-0.39779,0.023249,-0.0760824,2.14434,2.19717,354.99,356.67,0.08,NaN,NaN,NaN,NaN,NaN,NaN,NaN,PRE_GRACE
1992-09-01,1992,9,1.9374,0.0324933,30,0.150444,1.78695,-0.338941,-0.0389918,-0.0734025,2.12589,2.23829,353.01,356.36,-0.01,NaN,NaN,NaN,NaN,NaN,NaN,NaN,PRE_GRACE
1992-10-01,1992,10,2.34545,0.0286581,31,0.0904041,2.25504,0.0464794,0.0036592,-0.0860642,2.20856,2.29097,353.4,356.72,0.07,NaN,NaN,NaN,NaN,NaN,NaN,NaN,PRE_GRACE
1992-11-01,1992,11,2.40938,0.0296667,30,-0.0286577,2.43803,0.267073,-0.030939,-0.0822129,2.17096,2.28411,354.42,356.48,0.03,NaN,NaN,NaN,NaN,NaN,NaN,NaN,PRE_GRACE
1992-12-01,1992,12,2.51235,0.0507032,31,-0.111525,2.62387,0.470044,-0.0121089,-0.0529231,2.15383,2.21886,355.68,356.5,0.22,NaN,NaN,NaN,NaN,NaN,NaN,NaN,PRE_GRACE
1993-01-01,1993,1,2.53552,0.0285677,31,-0.0631579,2.59868,0.46735,-0.0326056,-0.0157982,2.13133,2.17973,357.1,357.06,0.35,NaN,NaN,NaN,NaN,NaN,NaN,NaN,PRE_GRACE
1993-02-01,1993,2,2.66275,0.0314214,28,0.10355,2.5592,0.396,-0.00197454,0.02414,2.1632,2.14103,357.42,356.54,0.37,NaN,NaN,NaN,NaN,NaN,NaN,NaN,PRE_GRACE
1993-03-01,1993,3,2.66275,0.0337806,31,0.171328,2.49142,0.314552,-0.00946843,0.0506537,2.17686,2.13568,358.59,356.88,0.36,NaN,NaN,NaN,NaN,NaN,NaN,NaN,PRE_GRACE
1993-04-01,1993,4,2.85161,0.0297433,30,0.152494,2.69911,0.522993,0.0150018,0.0477593,2.17612,2.11336,359.39,356.71,0.28,NaN,NaN,NaN,NaN,NaN,NaN,NaN,PRE_GRACE
1993-05-01,1993,5,2.62009,0.0300452,31,0.0361829,2.58391,0.419794,0.0234986,0.0292499,2.16412,2.11137,360.3,357.14,0.28,NaN,NaN,NaN,NaN,NaN,NaN,NaN,PRE_GRACE
1993-06-01,1993,6,2.04276,0.0465633,30,-0.121192,2.16395,0.0161749,0.0375483,-0.010812,2.14777,2.12104,359.64,357.24,0.23,NaN,NaN,NaN,NaN,NaN,NaN,NaN,PRE_GRACE
1993-07-01,1993,7,1.59304,0.0364452,31,-0.117891,1.71093,-0.486151,0.0610999,-0.0327102,2.19708,2.16869,357.45,356.87,0.25,NaN,NaN,NaN,NaN,NaN,NaN,NaN,PRE_GRACE
1993-08-01,1993,8,1.87734,0.0313452,31,0.0685143,1.80883,-0.428514,0.0670354,-0.0523492,2.23734,2.22266,355.76,357.44,0.11,NaN,NaN,NaN,NaN,NaN,NaN,NaN,PRE_GRACE
1993-09-01,1993,9,2.19527,0.03486,30,0.219513,1.97576,-0.240326,0.0342384,-0.0532885,2.21609,2.23514,354.14,357.51,0.11,NaN,NaN,NaN,NaN,NaN,NaN,NaN,PRE_GRACE
1993-10-01,1993,10,2.57554,0.0311161,31,0.179415,2.39612,0.164698,0.00799301,-0.0700956,2.23142,2.29353,354.23,357.61,0.24,NaN,NaN,NaN,NaN,NaN,NaN,NaN,PRE_GRACE
1993-11-01,1993,11,2.42255,0.02961,30,0.0106816,2.41187,0.226736,-0.0269719,-0.0622232,2.18514,2.27433,355.53,357.65,0.04,NaN,NaN,NaN,NaN,NaN,NaN,NaN,PRE_GRACE
1993-12-01,1993,12,2.35475,0.028671,31,-0.0922486,2.44699,0.266382,-0.00719164,-0.0384536,2.18061,2.22626,357.03,357.92,0.18,NaN,NaN,NaN,NaN,NaN,NaN,NaN,PRE_GRACE
1994-01-01,1994,1,2.32035,0.0261677,31,0.0368125,2.28354,0.0873206,-0.00061145,-0.00528951,2.19622,2.20212,358.36,358.25,0.26,NaN,NaN,NaN,NaN,NaN,NaN,NaN,PRE_GRACE
1994-02-01,1994,2,2.36639,0.0406786,28,0.165837,2.20056,0.0445731,-0.0250529,0.033856,2.15598,2.14718,359.04,358.21,0.02,NaN,NaN,NaN,NaN,NaN,NaN,NaN,PRE_GRACE
1994-03-01,1994,3,2.63386,0.0365129,31,0.273435,2.36042,0.139591,0.00516301,0.05568,2.22083,2.15999,360.11,358.41,0.29,NaN,NaN,NaN,NaN,NaN,NaN,NaN,PRE_GRACE
1994-04-01,1994,4,2.53745,0.0400533,30,0.172257,2.36519,0.162981,0.0179487,0.049982,2.20221,2.13428,361.36,358.59,0.41,NaN,NaN,NaN,NaN,NaN,NaN,NaN,PRE_GRACE
1994-05-01,1994,5,2.35128,0.036429,31,0.0213699,2.32991,0.156568,0.00305984,0.0219879,2.17334,2.14829,361.78,358.59,0.28,NaN,NaN,NaN,NaN,NaN,NaN,NaN,PRE_GRACE
1994-06-01,1994,6,1.61988,0.0360733,30,-0.0794105,1.69929,-0.444714,0.00488157,-0.011641,2.14401,2.15077,360.94,358.57,0.43,NaN,NaN,NaN,NaN,NaN,NaN,NaN,PRE_GRACE
1994-07-01,1994,7,1.38096,0.0323613,31,-0.0573077,1.43827,-0.737338,0.0194763,-0.0337835,2.17561,2.18992,359.51,358.91,0.3,NaN,NaN,NaN,NaN,NaN,NaN,NaN,PRE_GRACE
1994-08-01,1994,8,1.47863,0.0319516,31,0.07027,1.40836,-0.768396,0.0364771,-0.051254,2.17675,2.19153,357.59,359.29,0.22,NaN,NaN,NaN,NaN,NaN,NaN,NaN,PRE_GRACE
1994-09-01,1994,9,2.24599,0.0331067,30,0.225256,2.02073,-0.221853,0.0225658,-0.0620386,2.24259,2.28206,355.86,359.31,0.31,NaN,NaN,NaN,NaN,NaN,NaN,NaN,PRE_GRACE
1994-10-01,1994,10,2.3969,0.0311935,31,0.255448,2.14145,-0.0361656,-0.0164835,-0.0726864,2.17762,2.26679,356.21,359.63,0.43,NaN,NaN,NaN,NaN,NaN,NaN,NaN,PRE_GRACE
1994-11-01,1994,11,2.45329,0.03266,30,0.112275,2.34102,0.182602,-0.0126027,-0.0774516,2.15842,2.24847,357.65,359.8,0.45,NaN,NaN,NaN,NaN,NaN,NaN,NaN,PRE_GRACE
1994-12-01,1994,12,2.56229,0.0306903,31,-0.030393,2.59268,0.431816,-0.00578799,-0.055074,2.16087,2.22173,359.1,359.96,0.39,NaN,NaN,NaN,NaN,NaN,NaN,NaN,PRE_GRACE
1995-01-01,1995,1,2.61075,0.041571,31,0.0280079,2.58275,0.417172,0.00688027,-0.0241274,2.16557,2.18282,360.04,359.91,0.53,NaN,NaN,NaN,NaN,NaN,NaN,NaN,PRE_GRACE
1995-02-01,1995,2,2.58014,0.0447286,28,0.194772,2.38536,0.266685,0.000981882,-0.00109304,2.11868,2.11879,361,360.18,0.79,NaN,NaN,NaN,NaN,NaN,NaN,NaN,PRE_GRACE
1995-03-01,1995,3,2.87458,0.0447258,31,0.315974,2.5586,0.405634,-0.000853951,0.0249495,2.15297,2.12887,361.98,360.37,0.47,NaN,NaN,NaN,NaN,NaN,NaN,NaN,PRE_GRACE
1995-04-01,1995,4,2.7646,0.0412067,30,0.21931,2.54529,0.430007,0.0057561,0.0325027,2.11528,2.07702,363.44,360.76,0.47,NaN,NaN,NaN,NaN,NaN,NaN,NaN,PRE_GRACE
1995-05-01,1995,5,2.48025,0.0308871,31,0.0163497,2.4639,0.384239,0.0241177,0.0178985,2.07966,2.03764,363.83,360.73,0.27,NaN,NaN,NaN,NaN,NaN,NaN,NaN,PRE_GRACE
1995-06-01,1995,6,1.95336,0.02688,30,-0.0769396,2.0303,0.00524209,-0.0253235,-0.0211946,2.02505,2.07157,363.33,360.98,0.43,NaN,NaN,NaN,NaN,NaN,NaN,NaN,PRE_GRACE
1995-07-01,1995,7,1.37691,0.0270613,31,-0.000438428,1.37734,-0.628655,-0.022849,-0.0478933,2.006,2.07674,361.78,361.11,0.46,NaN,NaN,NaN,NaN,NaN,NaN,NaN,PRE_GRACE
1995-08-01,1995,8,1.59331,0.026529,31,0.178144,1.41517,-0.61072,0.0296482,-0.0566849,2.02589,2.05292,359.33,360.93,0.45,NaN,NaN,NaN,NaN,NaN,NaN,NaN,PRE_GRACE
1995-09-01,1995,9,2.19083,0.02717,30,0.280086,1.91074,-0.160475,0.0358542,-0.0759464,2.07122,2.11131,358.32,361.7,0.33,NaN,NaN,NaN,NaN,NaN,NaN,NaN,PRE_GRACE
1995-10-01,1995,10,2.32957,0.0253774,31,0.262546,2.06703,0.0372325,-0.0150363,-0.0850863,2.02979,2.12992,358.14,361.52,0.46,NaN,NaN,NaN,NaN,NaN,NaN,NaN,PRE_GRACE
1995-11-01,1995,11,2.54511,0.0264567,30,0.13781,2.4073,0.393397,-0.00970495,-0.0845256,2.0139,2.10813,359.61,361.75,0.45,NaN,NaN,NaN,NaN,NaN,NaN,NaN,PRE_GRACE
1995-12-01,1995,12,2.46948,0.0280194,31,0.0135583,2.45593,0.472503,-0.0200119,-0.0624367,1.98342,2.06587,360.82,361.67,0.26,NaN,NaN,NaN,NaN,NaN,NaN,NaN,PRE_GRACE
1996-01-01,1996,1,1.81501,0.0339968,31,0.0244003,1.79061,-0.11381,-0.0440458,-0.0204387,1.90442,1.96891,362.2,361.98,0.24,NaN,NaN,NaN,NaN,NaN,NaN,NaN,PRE_GRACE
1996-02-01,1996,2,2.0161,0.0342103,29,0.201641,1.81446,-0.0974722,-0.0218286,0.0175396,1.91193,1.91622,363.36,362.47,0.46,NaN,NaN,NaN,NaN,NaN,NaN,NaN,PRE_GRACE
1996-03-01,1996,3,2.251,0.0311419,31,0.291082,1.95992,0.0792472,-0.0186292,0.0578758,1.88067,1.84142,364.28,362.64,0.33,NaN,NaN,NaN,NaN,NaN,NaN,NaN,PRE_GRACE
1996-04-01,1996,4,2.29696,0.0310267,30,0.247418,2.04954,0.193782,0.00703468,0.0739979,1.85576,1.77473,364.69,361.99,0.33,NaN,NaN,NaN,NaN,NaN,NaN,NaN,PRE_GRACE
1996-05-01,1996,5,2.1859,0.0307258,31,0.0856396,2.10026,0.228299,0.0545189,0.0505561,1.87196,1.76688,365.25,362.23,0.27,NaN,NaN,NaN,NaN,NaN,NaN,NaN,PRE_GRACE
1996-06-01,1996,6,1.58321,0.0306233,30,-0.0420546,1.62527,-0.169536,0.00692576,0.0100425,1.7948,1.77784,365.06,362.82,0.26,NaN,NaN,NaN,NaN,NaN,NaN,NaN,PRE_GRACE
1996-07-01,1996,7,1.19779,0.0319065,31,0.0246778,1.17311,-0.642072,0.0250083,-0.0218909,1.81518,1.81207,363.69,362.98,0.37,NaN,NaN,NaN,NaN,NaN,NaN,NaN,PRE_GRACE
1996-08-01,1996,8,1.19918,0.0314742,31,0.219908,0.97927,-0.787896,0.0198834,-0.0344614,1.76717,1.78174,361.55,363.13,0.48,NaN,NaN,NaN,NaN,NaN,NaN,NaN,PRE_GRACE
1996-09-01,1996,9,1.62319,0.0314033,30,0.3071,1.31609,-0.455585,0.0136421,-0.0401862,1.77167,1.79822,359.69,363.14,0.26,NaN,NaN,NaN,NaN,NaN,NaN,NaN,PRE_GRACE
1996-10-01,1996,10,1.96283,0.0432355,31,0.238852,1.72398,-0.0343063,0.00252963,-0.0472401,1.75828,1.80299,359.72,363.12,0.22,NaN,NaN,NaN,NaN,NaN,NaN,NaN,PRE_GRACE
1996-11-01,1996,11,1.90832,0.0378467,30,0.0884748,1.81985,0.10343,-0.013607,-0.0501583,1.71642,1.78018,361.04,363.18,0.42,NaN,NaN,NaN,NaN,NaN,NaN,NaN,PRE_GRACE
1996-12-01,1996,12,1.82697,0.0348677,31,-0.00582879,1.8328,0.20024,-0.0212769,-0.0345888,1.63256,1.68843,362.39,363.23,0.37,NaN,NaN,NaN,NaN,NaN,NaN,NaN,PRE_GRACE
1997-01-01,1997,1,1.80204,0.0229968,31,0.0746482,1.72739,0.109194,-0.0145526,-0.0006043,1.6182,1.63335,363.24,363.03,0.32,NaN,NaN,NaN,NaN,NaN,NaN,NaN,PRE_GRACE
1997-02-01,1997,2,1.73308,0.020475,28,0.237539,1.49554,-0.0823704,-0.0292226,0.0504619,1.57791,1.55667,364.21,363.4,0.41,NaN,NaN,NaN,NaN,NaN,NaN,NaN,PRE_GRACE
1997-03-01,1997,3,2.44223,0.021571,31,0.312257,2.12997,0.535717,-0.00612447,0.0755139,1.59425,1.52486,364.65,363.02,0.52,NaN,NaN,NaN,NaN,NaN,NaN,NaN,PRE_GRACE
1997-04-01,1997,4,2.36811,0.01886,30,0.251966,2.11614,0.572816,-0.00413666,0.0959818,1.54333,1.45148,366.49,363.82,0.34,NaN,NaN,NaN,NaN,NaN,NaN,NaN,PRE_GRACE
1997-05-01,1997,5,2.16612,0.019729,31,0.121783,2.04433,0.513442,0.0436298,0.0605102,1.53089,1.42675,366.77,363.87,0.35,NaN,NaN,NaN,NaN,NaN,NaN,NaN,PRE_GRACE
1997-06-01,1997,6,1.47763,0.01878,30,-0.00427422,1.4819,0.00844291,0.0342463,-0.00367075,1.47346,1.44288,365.73,363.56,0.55,NaN,NaN,NaN,NaN,NaN,NaN,NaN,PRE_GRACE
1997-07-01,1997,7,1.19127,0.0207677,31,-1.1755e-07,1.19127,-0.237063,0.0284707,-0.0358499,1.42834,1.43572,364.46,363.74,0.34,NaN,NaN,NaN,NaN,NaN,NaN,NaN,PRE_GRACE
1997-08-01,1997,8,1.42251,0.0229968,31,0.147934,1.27458,-0.154177,0.0282657,-0.071368,1.42876,1.47186,362.4,363.98,0.41,NaN,NaN,NaN,NaN,NaN,NaN,NaN,PRE_GRACE
1997-09-01,1997,9,1.79972,0.02265,30,0.297034,1.50269,0.137451,-0.00546983,-0.105395,1.36524,1.4761,360.44,363.83,0.52,NaN,NaN,NaN,NaN,NaN,NaN,NaN,PRE_GRACE
1997-10-01,1997,10,2.06328,0.0200129,31,0.273306,1.78997,0.432165,0.0159407,-0.121034,1.35781,1.4629,360.97,364.28,0.61,NaN,NaN,NaN,NaN,NaN,NaN,NaN,PRE_GRACE
1997-11-01,1997,11,1.94257,0.0217667,30,0.105452,1.83712,0.545065,-0.0266566,-0.107519,1.29206,1.42623,362.65,364.71,0.65,NaN,NaN,NaN,NaN,NaN,NaN,NaN,PRE_GRACE
1997-12-01,1997,12,1.65133,0.0199613,31,-0.021328,1.67265,0.432142,-0.0157688,-0.0605338,1.24051,1.31681,364.51,365.28,0.59,NaN,NaN,NaN,NaN,NaN,NaN,NaN,PRE_GRACE
1998-01-01,1998,1,1.7827,0.0221548,31,0.0887863,1.69391,0.48354,0.00898351,-0.00595528,1.21037,1.20734,365.39,365.19,0.58,NaN,NaN,NaN,NaN,NaN,NaN,NaN,PRE_GRACE
1998-02-01,1998,2,2.10531,0.0206286,28,0.232332,1.87298,0.674369,-0.00335561,0.0373815,1.19861,1.16458,366.1,365.29,0.88,NaN,NaN,NaN,NaN,NaN,NaN,NaN,PRE_GRACE
1998-03-01,1998,3,2.12285,0.0199516,31,0.360211,1.76263,0.555968,-0.00174519,0.0647429,1.20667,1.14367,367.36,365.73,0.63,NaN,NaN,NaN,NaN,NaN,NaN,NaN,PRE_GRACE
1998-04-01,1998,4,1.97586,0.0202167,30,0.233381,1.74248,0.565198,0.0111524,0.0665948,1.17728,1.09953,368.79,366.17,0.64,NaN,NaN,NaN,NaN,NaN,NaN,NaN,PRE_GRACE
1998-05-01,1998,5,1.76859,0.0200419,31,0.0433652,1.72522,0.550099,0.00600665,0.0348551,1.17512,1.13426,369.56,366.68,0.68,NaN,NaN,NaN,NaN,NaN,NaN,NaN,PRE_GRACE
1998-06-01,1998,6,0.826953,0.02013,30,-0.0513444,0.878298,-0.265758,0.0573131,-0.012258,1.14406,1.099,369.13,366.95,0.77,NaN,NaN,NaN,NaN,NaN,NaN,NaN,PRE_GRACE
1998-07-01,1998,7,0.3818,0.0202161,31,-0.0040387,0.385839,-0.742252,0.0529396,-0.0300596,1.12809,1.10521,367.98,367.29,0.66,NaN,NaN,NaN,NaN,NaN,NaN,NaN,PRE_GRACE
1998-08-01,1998,8,0.529219,0.021271,31,0.129315,0.399905,-0.728119,0.0497861,-0.03564,1.12802,1.11388,366.1,367.69,0.65,NaN,NaN,NaN,NaN,NaN,NaN,NaN,PRE_GRACE
1998-09-01,1998,9,0.977743,0.0207267,30,0.252127,0.725616,-0.402553,0.0387497,-0.0368707,1.12817,1.12629,364.16,367.51,0.42,NaN,NaN,NaN,NaN,NaN,NaN,NaN,PRE_GRACE
1998-10-01,1998,10,1.43392,0.0213742,31,0.256151,1.17777,0.0314703,0.0346188,-0.0491434,1.14629,1.16082,364.54,367.82,0.42,NaN,NaN,NaN,NaN,NaN,NaN,NaN,PRE_GRACE
1998-11-01,1998,11,1.56469,0.02192,30,0.135937,1.42875,0.290858,0.0135121,-0.0505977,1.13789,1.17498,365.67,367.7,0.43,NaN,NaN,NaN,NaN,NaN,NaN,NaN,PRE_GRACE
1998-12-01,1998,12,1.09128,0.0210323,31,0.0091959,1.08208,0.0127216,-0.0343455,-0.0433535,1.06936,1.14706,367.3,368.05,0.55,NaN,NaN,NaN,NaN,NaN,NaN,NaN,PRE_GRACE
1999-01-01,1999,1,0.980552,0.0231258,31,0.0215236,0.959028,-0.0906977,-0.0149782,-0.00302098,1.04973,1.06772,368.35,368.13,0.48,NaN,NaN,NaN,NaN,NaN,NaN,NaN,PRE_GRACE
1999-02-01,1999,2,1.22309,0.0224714,28,0.196192,1.0269,-0.0104065,0.00349742,0.0360853,1.0373,0.997721,369.28,368.46,0.64,NaN,NaN,NaN,NaN,NaN,NaN,NaN,PRE_GRACE
1999-03-01,1999,3,1.153,0.0237161,31,0.298104,0.854899,-0.10558,0.00934026,0.0701928,0.960479,0.880946,369.84,368.24,0.33,NaN,NaN,NaN,NaN,NaN,NaN,NaN,PRE_GRACE
1999-04-01,1999,4,1.41951,0.0227567,30,0.2222,1.19731,0.215547,0.031878,0.0718783,0.98176,0.878003,371.15,368.62,0.32,NaN,NaN,NaN,NaN,NaN,NaN,NaN,PRE_GRACE
1999-05-01,1999,5,1.1069,0.0205645,31,0.0179256,1.08898,0.12331,0.0198314,0.0435425,0.965668,0.902294,371.12,368.31,0.26,NaN,NaN,NaN,NaN,NaN,NaN,NaN,PRE_GRACE
1999-06-01,1999,6,0.66964,0.0215367,30,-0.104513,0.774153,-0.170981,0.0378034,-0.00490169,0.945134,0.912232,370.46,368.29,0.36,NaN,NaN,NaN,NaN,NaN,NaN,NaN,PRE_GRACE
1999-07-01,1999,7,0.304803,0.0214645,31,-0.0431035,0.347907,-0.593647,0.0463737,-0.028704,0.941554,0.923884,369.61,368.93,0.39,NaN,NaN,NaN,NaN,NaN,NaN,NaN,PRE_GRACE
1999-08-01,1999,8,0.59229,0.0225226,31,0.166952,0.425338,-0.514707,0.0316784,-0.047964,0.940045,0.95633,367.06,368.63,0.31,NaN,NaN,NaN,NaN,NaN,NaN,NaN,PRE_GRACE
1999-09-01,1999,9,0.74377,0.0228033,30,0.265684,0.478086,-0.434506,0.0106674,-0.0545025,0.912592,0.956427,364.95,368.28,0.39,NaN,NaN,NaN,NaN,NaN,NaN,NaN,PRE_GRACE
1999-10-01,1999,10,1.18585,0.0217129,31,0.204822,0.981033,0.0290404,0.0166173,-0.057816,0.951992,0.993191,365.52,368.8,0.34,NaN,NaN,NaN,NaN,NaN,NaN,NaN,PRE_GRACE
1999-11-01,1999,11,1.36255,0.0210033,30,0.068564,1.29398,0.327103,-0.00292556,-0.0602625,0.96688,1.03007,366.88,368.86,0.37,NaN,NaN,NaN,NaN,NaN,NaN,NaN,PRE_GRACE
1999-12-01,1999,12,1.1633,0.0224226,31,-0.0311555,1.19446,0.249306,-0.00534699,-0.0455671,0.945153,0.996067,368.26,368.93,0.4,NaN,NaN,NaN,NaN,NaN,NaN,NaN,PRE_GRACE
2000-01-01,2000,1,0.880748,0.0230387,31,-0.0113697,0.892118,0.03365,-0.0196474,-0.0152744,0.858468,0.89339,369.45,369.24,0.25,NaN,NaN,NaN,NaN,NaN,NaN,NaN,PRE_GRACE
2000-02-01,2000,2,0.854062,0.0215379,29,0.139944,0.714118,-0.111063,-0.0106829,0.0177713,0.825181,0.818092,369.71,368.99,0.56,NaN,NaN,NaN,NaN,NaN,NaN,NaN,PRE_GRACE
2000-03-01,2000,3,0.873803,0.0239806,31,0.203254,0.67055,-0.167584,0.00403457,0.0596086,0.838134,0.774491,370.75,369.24,0.55,NaN,NaN,NaN,NaN,NaN,NaN,NaN,PRE_GRACE
2000-04-01,2000,4,1.04541,0.0246767,30,0.164143,0.881263,0.0600296,0.0157967,0.0617548,0.821234,0.743682,371.98,369.44,0.56,NaN,NaN,NaN,NaN,NaN,NaN,NaN,PRE_GRACE
2000-05-01,2000,5,0.970432,0.0233129,31,0.0311074,0.939325,0.118082,0.0297429,0.027561,0.821243,0.763939,371.75,368.87,0.35,NaN,NaN,NaN,NaN,NaN,NaN,NaN,PRE_GRACE
2000-06-01,2000,6,0.373443,0.0239433,30,-0.106894,0.480337,-0.325751,0.0384628,-0.00802603,0.806088,0.775651,371.87,369.66,0.4,NaN,NaN,NaN,NaN,NaN,NaN,NaN,PRE_GRACE
2000-07-01,2000,7,0.106035,0.0236613,31,-0.0832185,0.189254,-0.604122,0.0409097,-0.0394541,0.793376,0.791921,370.02,369.36,0.39,NaN,NaN,NaN,NaN,NaN,NaN,NaN,PRE_GRACE
2000-08-01,2000,8,0.329116,0.0220839,31,0.116426,0.21269,-0.571765,0.00422008,-0.0616282,0.784454,0.841863,368.27,369.87,0.42,NaN,NaN,NaN,NaN,NaN,NaN,NaN,PRE_GRACE
2000-09-01,2000,9,0.518027,0.0220533,30,0.227211,0.290815,-0.486158,-0.00569923,-0.0787552,0.776974,0.861428,367.15,370.46,0.39,NaN,NaN,NaN,NaN,NaN,NaN,NaN,PRE_GRACE
2000-10-01,2000,10,0.987942,0.0229323,31,0.148352,0.83959,0.0441082,-0.00492798,-0.0896915,0.795482,0.890102,367.18,370.42,0.27,NaN,NaN,NaN,NaN,NaN,NaN,NaN,PRE_GRACE
2000-11-01,2000,11,0.907553,0.0229567,30,-0.029327,0.93688,0.155161,-0.0196035,-0.0879197,0.78172,0.889243,368.53,370.48,0.3,NaN,NaN,NaN,NaN,NaN,NaN,NaN,PRE_GRACE
2000-12-01,2000,12,0.770397,0.0220613,31,-0.129763,0.900159,0.147318,-0.0164904,-0.0622492,0.752841,0.83158,369.83,370.46,0.28,NaN,NaN,NaN,NaN,NaN,NaN,NaN,PRE_GRACE
2001-01-01,2001,1,0.519242,0.0218742,31,-0.017564,0.536806,-0.179258,-0.0345904,-0.0287978,0.716064,0.779452,370.76,370.6,0.45,NaN,NaN,NaN,NaN,NaN,NaN,NaN,PRE_GRACE
2001-02-01,2001,2,0.748814,0.0223786,28,0.131341,0.617473,-0.0911243,-0.0183744,0.0072012,0.708598,0.719771,371.69,370.95,0.44,NaN,NaN,NaN,NaN,NaN,NaN,NaN,PRE_GRACE
2001-03-01,2001,3,0.986045,0.0220935,31,0.203809,0.782236,0.0598303,0.0186349,0.0427255,0.722406,0.661045,372.63,371.06,0.55,NaN,NaN,NaN,NaN,NaN,NaN,NaN,PRE_GRACE
2001-04-01,2001,4,0.8243,0.02173,30,0.102699,0.721601,0.0487542,0.00689479,0.0465326,0.672847,0.61942,373.55,370.99,0.5,NaN,NaN,NaN,NaN,NaN,NaN,NaN,PRE_GRACE
2001-05-01,2001,5,0.846713,0.0205839,31,-0.0261394,0.872852,0.189781,0.0218285,0.00376207,0.683072,0.657481,374.03,371.11,0.57,NaN,NaN,NaN,NaN,NaN,NaN,NaN,PRE_GRACE
2001-06-01,2001,6,0.0812867,0.02042,30,-0.121326,0.202613,-0.430223,0.02538,-0.026686,0.632835,0.634141,373.4,371.18,0.53,NaN,NaN,NaN,NaN,NaN,NaN,NaN,PRE_GRACE
2001-07-01,2001,7,-0.123684,0.0195065,31,-0.12357,-0.000113718,-0.643906,0.024856,-0.066718,0.643792,0.685654,371.68,371.08,0.59,NaN,NaN,NaN,NaN,NaN,NaN,NaN,PRE_GRACE
2001-08-01,2001,8,0.124652,0.0200613,31,-0.0103937,0.135045,-0.532867,0.0416344,-0.0910417,0.667913,0.71732,369.78,371.39,0.48,NaN,NaN,NaN,NaN,NaN,NaN,NaN,PRE_GRACE
2001-09-01,2001,9,0.346587,0.0200933,30,0.140804,0.205783,-0.463448,0.0387908,-0.107231,0.669231,0.737671,368.34,371.61,0.52,NaN,NaN,NaN,NaN,NaN,NaN,NaN,PRE_GRACE
2001-10-01,2001,10,0.887023,0.0193839,31,0.138622,0.748401,0.112844,0.0220858,-0.114768,0.635557,0.728239,368.61,371.85,0.5,NaN,NaN,NaN,NaN,NaN,NaN,NaN,PRE_GRACE
2001-11-01,2001,11,0.879083,0.01953,30,-0.0309354,0.910019,0.30767,0.0112175,-0.108514,0.602349,0.699646,369.94,371.92,0.72,NaN,NaN,NaN,NaN,NaN,NaN,NaN,PRE_GRACE
2001-12-01,2001,12,0.761806,0.0196516,31,-0.183475,0.945281,0.417073,-0.00320664,-0.0874338,0.528209,0.618849,371.42,372.09,0.55,NaN,NaN,NaN,NaN,NaN,NaN,NaN,PRE_GRACE
2002-01-01,2002,1,0.614771,0.0228613,31,-0.0834318,0.698203,0.164567,-0.0200012,-0.0525675,0.533636,0.606205,372.7,372.48,0.77,NaN,NaN,NaN,NaN,NaN,NaN,NaN,PRE_GRACE
2002-02-01,2002,2,0.917343,0.0226071,28,0.0740378,0.843305,0.258801,0.0189249,-0.0195733,0.584504,0.585152,373.37,372.49,0.78,NaN,NaN,NaN,NaN,NaN,NaN,NaN,PRE_GRACE
2002-03-01,2002,3,0.930403,0.0229774,31,0.218623,0.71178,0.174273,-0.0121335,0.00378572,0.537507,0.545855,374.3,372.61,0.88,NaN,NaN,NaN,NaN,NaN,NaN,NaN,PRE_GRACE
2002-04-01,2002,4,0.70634,0.02222,30,0.0648781,0.641462,0.142428,0.0130575,0.0110601,0.499034,0.474917,375.19,372.54,0.58,0,134.71,0,178.76,0,-0,-0,GRACE
2002-05-01,2002,5,0.673803,0.0212742,31,-0.151358,0.825161,0.312188,-0.00113727,-0.0165722,0.512972,0.530682,375.93,372.98,0.64,66.92,70.85,1.49,102.37,68.41,-1.58995e+27,-0.00170861,GRACE
2002-06-01,2002,6,-0.06748,0.0213,30,-0.227787,0.160307,-0.304042,0.00824605,-0.0553757,0.464349,0.511479,375.69,373.46,0.53,NaN,NaN,NaN,NaN,NaN,NaN,NaN,MISSING_MONTH
2002-07-01,2002,7,-0.0345065,0.0214226,31,-0.152415,0.117908,-0.429566,0.0683632,-0.0938853,0.547474,0.572996,374.16,373.58,0.61,NaN,NaN,NaN,NaN,NaN,NaN,NaN,MISSING_MONTH
2002-08-01,2002,8,-0.0716194,0.0213806,31,-0.021615,-0.0500044,-0.547541,0.0478295,-0.118412,0.497536,0.568119,372.03,373.7,0.53,-213,53.55,-52.66,83.03,-265.66,6.29866e+27,0.00676871,GRACE
2002-09-01,2002,9,0.235553,0.02054,30,0.0660639,0.169489,-0.306839,0.0374286,-0.138059,0.476329,0.576959,370.92,374.28,0.64,-228.71,65.24,69.35,97.1,-159.36,3.51065e+27,0.00377264,GRACE
2002-10-01,2002,10,0.503929,0.0208516,31,0.0538557,0.450073,0.00118674,0.0102405,-0.15536,0.448887,0.594006,370.73,374.06,0.54,-198.69,39.23,85.18,61.76,-113.51,2.40569e+27,0.00258522,GRACE
2002-11-01,2002,11,0.595837,0.0211867,30,-0.0338753,0.629712,0.198024,-0.00578287,-0.143131,0.431688,0.580602,372.43,374.52,0.59,-200.49,35.96,-48.22,58.63,-248.71,5.89392e+27,0.00633377,GRACE
2002-12-01,2002,12,0.73781,0.0224677,31,-0.152929,0.890739,0.462729,-0.0236228,-0.125262,0.42801,0.576895,373.98,374.72,0.44,-178.06,36.9,-3.25,59.14,-181.31,4.21207e+27,0.00452641,GRACE
2003-01-01,2003,1,0.520203,0.022929,31,-0.178636,0.698839,0.273216,0.0040603,-0.084937,0.425623,0.5065,375.07,374.82,0.75,-131.59,41.64,11.77,64.66,-119.82,2.74667e+27,0.00295164,GRACE
2003-02-01,2003,2,0.566479,0.0227857,28,0.0110285,0.55545,0.133441,-0.0106387,-0.0484693,0.422009,0.481117,375.82,374.95,0.58,-143.38,29.91,-150.72,48.04,-294.1,7.21807e+27,0.00775673,GRACE
2003-03-01,2003,3,0.685623,0.0221258,31,0.105133,0.580489,0.208851,-0.0180264,-0.0130664,0.371639,0.402731,376.64,374.99,0.6,-78.47,26.07,-110.51,42.91,-188.98,4.67435e+27,0.00502318,GRACE
2003-04-01,2003,4,0.677517,0.0216733,30,0.0492013,0.628315,0.245554,-0.0125857,0.00269165,0.382762,0.392656,377.92,375.24,0.55,-32.42,25.91,12.51,43.54,-19.91,4.28412e+26,0.000460383,GRACE
2003-05-01,2003,5,0.419903,0.0215968,31,-0.154861,0.574764,0.148493,0.0222854,-0.0211528,0.426271,0.425138,378.78,375.73,0.6,-28.79,28.36,50.04,48.2,21.25,-6.25364e+26,-0.000672033,GRACE
2003-06-01,2003,6,-0.270463,0.0200433,30,-0.298146,0.0276827,-0.308794,-0.0140001,-0.0491001,0.336477,0.399577,378.46,376.22,0.48,NaN,NaN,NaN,NaN,NaN,NaN,NaN,MISSING_MONTH
2003-07-01,2003,7,-0.472187,0.0214097,31,-0.239555,-0.232632,-0.625136,0.0381444,-0.0613352,0.392504,0.415695,376.88,376.37,0.58,-203.48,21.35,-87.71,37.84,-291.19,6.9835e+27,0.00750466,GRACE
2003-08-01,2003,8,-0.0451129,0.0209032,31,0.00155942,-0.0466723,-0.480144,0.0453673,-0.0802629,0.433472,0.468367,374.57,376.27,0.64,-339.29,22.11,-88.74,39.84,-428.03,1.01587e+28,0.0109168,GRACE
2003-09-01,2003,9,0.192803,0.02104,30,0.0835338,0.109269,-0.291659,0.0393083,-0.0835246,0.400928,0.445145,373.34,376.65,0.62,-381.98,22.42,-103.57,39.59,-485.55,1.15316e+28,0.0123921,GRACE
2003-10-01,2003,10,0.418071,0.0210161,31,-0.0110108,0.429082,0.022701,0.0142292,-0.0944537,0.406381,0.486605,373.31,376.65,0.72,-378.1,22.85,-15.6,40.17,-393.7,9.16883e+27,0.00985307,GRACE
2003-11-01,2003,11,0.359913,0.0213267,30,-0.131869,0.491783,0.123472,-0.0145484,-0.102983,0.368311,0.485842,374.84,376.99,0.53,-380.3,22.59,-74.05,40.86,-454.35,1.07299e+28,0.0115307,GRACE
2003-12-01,2003,12,0.262916,0.0210387,31,-0.200706,0.463623,0.103466,-0.0126085,-0.0842172,0.360157,0.456983,376.17,376.93,0.75,-342.25,22.43,-242.72,39.79,-584.97,1.42055e+28,0.0152656,GRACE
2004-01-01,2004,1,0.513139,0.0224581,31,-0.180306,0.693445,0.300657,0.00921024,-0.0378814,0.392787,0.421459,377.17,376.96,0.58,-364.36,26.06,-297.55,43.68,-661.91,1.61347e+28,0.0173388,GRACE
2004-02-01,2004,2,0.422776,0.0227345,29,-0.0495391,0.472315,0.11477,-0.0164687,0.0146691,0.357545,0.359345,378.05,377.19,0.72,-369.43,22.62,-439.54,40.43,-808.97,1.99207e+28,0.0214073,GRACE
2004-03-01,2004,3,0.508784,0.0230258,31,-0.00174412,0.510528,0.121445,-0.00335206,0.0428744,0.389083,0.349561,379.06,377.4,0.63,-348.95,21.16,-294.09,37.94,-643.04,1.5688e+28,0.0168588,GRACE
2004-04-01,2004,4,0.65826,0.0228167,30,-0.0226474,0.680907,0.298333,0.00831321,0.0490724,0.382575,0.325189,380.54,377.8,0.61,-291.53,21.2,-360.95,37.53,-652.48,1.60842e+28,0.0172845,GRACE
2004-05-01,2004,5,0.57059,0.0237258,31,-0.125577,0.696167,0.258159,0.0552057,0.029756,0.438008,0.353046,380.8,377.66,0.37,-311.25,21.45,-141.73,38.33,-452.98,1.08777e+28,0.0116894,GRACE
2004-06-01,2004,6,-0.0482933,0.02329,30,-0.278786,0.230493,-0.204165,0.0562453,-0.0155369,0.434658,0.39395,379.87,377.57,0.44,-326.74,21.32,-158.05,37.44,-484.79,1.16584e+28,0.0125285,GRACE
2004-07-01,2004,7,-0.488119,0.0238806,31,-0.285336,-0.202783,-0.587766,0.0291638,-0.0599966,0.384983,0.415816,377.65,377.12,0.26,-424.89,19.19,-288.82,34.06,-713.71,1.73125e+28,0.0186044,GRACE
2004-08-01,2004,8,-0.0406161,0.0222774,31,-0.0664833,0.0258672,-0.402552,0.0102188,-0.0947594,0.428419,0.51296,376.17,377.9,0.45,-546.73,19.97,-144.75,35.41,-691.48,1.6415e+28,0.01764,GRACE
2004-09-01,2004,9,0.0951567,0.0220867,30,0.0590006,0.0361561,-0.398686,0.0214749,-0.111629,0.434842,0.524996,374.43,377.8,0.5,-586.19,20.94,-141.68,36.17,-727.87,1.72505e+28,0.0185379,GRACE
2004-10-01,2004,10,0.470535,0.0219452,31,-0.0258283,0.496364,0.0408679,0.00637096,-0.122465,0.455496,0.57159,374.63,377.99,0.61,-605.21,18.9,-59.52,33.31,-664.73,1.55688e+28,0.0167307,GRACE
2004-11-01,2004,11,0.60123,0.0225733,30,-0.209104,0.810334,0.339498,-0.00505412,-0.117441,0.470836,0.593331,376.33,378.49,0.73,-564.25,20.65,-205.92,35.99,-770.17,1.84016e+28,0.0197748,GRACE
2004-12-01,2004,12,0.485171,0.0228871,31,-0.298855,0.784026,0.278948,0.00415915,-0.0947037,0.505079,0.595623,377.68,378.48,0.51,-540.59,20.66,-284.58,35.29,-825.17,1.98853e+28,0.0213693,GRACE
2005-01-01,2005,1,0.5622,0.0210387,31,-0.162996,0.725196,0.213407,-0.0103105,-0.0518279,0.511789,0.573927,378.63,378.37,0.75,-552.11,19.66,-357.19,33.73,-909.3,2.20283e+28,0.0236722,GRACE
2005-02-01,2005,2,0.919786,0.022225,28,-0.0336737,0.953459,0.441301,0.000808014,-0.0188384,0.512158,0.530189,379.91,379.1,0.6,-530.5,20.57,-417.24,35.19,-947.74,2.30787e+28,0.024801,GRACE
2005-03-01,2005,3,0.867742,0.0276032,31,0.0321824,0.83556,0.317138,-0.00165377,0.00871437,0.518422,0.511361,380.95,379.45,0.74,-484.22,20.63,-363.28,34.93,-847.5,2.06117e+28,0.0221499,GRACE
2005-04-01,2005,4,0.776167,0.0377467,30,-0.0783191,0.854486,0.283072,0.0210815,0.00400553,0.571413,0.546326,382.48,379.84,0.67,-478.81,20.45,-215.24,34.26,-694.05,1.66615e+28,0.0179049,GRACE
2005-05-01,2005,5,0.6124,0.0345903,31,-0.180759,0.793159,0.178276,0.0412942,-0.0296339,0.614883,0.603222,382.64,379.49,0.63,-444.39,20.67,-202.72,35.01,-647.11,1.55401e+28,0.0166998,GRACE
2005-06-01,2005,6,-0.00607,0.03386,30,-0.261957,0.255887,-0.308046,0.00550366,-0.0750083,0.563933,0.633437,382.4,380.07,0.65,-488.5,21.02,-160.86,35.12,-649.36,1.54812e+28,0.0166366,GRACE
2005-07-01,2005,7,-0.375587,0.035129,31,-0.279187,-0.0964001,-0.751234,0.0475299,-0.0921802,0.654834,0.699484,380.93,380.38,0.61,-614.59,20.2,-111.89,33.84,-726.48,1.71393e+28,0.0184184,GRACE
2005-08-01,2005,8,-0.145223,0.0345806,31,-0.179129,0.0339069,-0.66167,0.0329689,-0.119232,0.695577,0.78184,378.93,380.61,0.6,-800.99,19.98,-164.21,34.16,-965.2,2.28125e+28,0.0245149,GRACE
2005-09-01,2005,9,0.280293,0.0343967,30,-0.0138308,0.294124,-0.436572,0.0377721,-0.134228,0.730696,0.827152,376.89,380.2,0.72,-867,19.83,-70.75,33.87,-937.75,2.19282e+28,0.0235647,GRACE
2005-10-01,2005,10,0.558381,0.0354742,31,0.00799691,0.550384,-0.178447,0.00504047,-0.135528,0.728831,0.859318,377.19,380.5,0.76,-859.44,19.61,-71.89,33.14,-931.33,2.17824e+28,0.023408,GRACE
2005-11-01,2005,11,0.726147,0.03513,30,-0.161327,0.887474,0.0822376,0.00904982,-0.127499,0.805236,0.923686,378.54,380.69,0.74,-857.67,19.1,-26.34,33.05,-884.01,2.05646e+28,0.0220992,GRACE
2005-12-01,2005,12,0.459655,0.0364258,31,-0.328078,0.787733,-0.0195248,-0.0110832,-0.0978071,0.807258,0.916148,380.31,381.09,0.68,-808.33,23.66,-125.84,38.41,-934.17,2.19913e+28,0.0236325,GRACE
2006-01-01,2006,1,0.444823,0.0456194,31,-0.218512,0.663335,-0.161724,-0.0171288,-0.0399362,0.825058,0.882123,381.58,381.33,0.56,-829.48,20.52,-177.22,34.43,-1006.7,2.38091e+28,0.0255859,GRACE
2006-02-01,2006,2,0.895486,0.0415143,28,-0.0592581,0.954744,0.0987468,-0.0110303,0.00646599,0.855997,0.860561,382.4,381.58,0.74,-779.66,20.65,-257.31,34.99,-1036.97,2.47233e+28,0.0265683,GRACE
2006-03-01,2006,3,1.05754,0.0423323,31,0.096097,0.961439,0.0516211,0.00503163,0.0372957,0.909817,0.86749,382.86,381.32,0.63,-760.11,20.37,-126.25,35.16,-886.36,2.0884e+28,0.0224425,GRACE
2006-04-01,2006,4,1.02869,0.0403333,30,-0.0655928,1.09428,0.131764,0.0206274,0.0538418,0.962519,0.88805,384.8,382.11,0.47,-789.14,20.77,-124.59,35.2,-913.73,2.15141e+28,0.0231197,GRACE
2006-05-01,2006,5,1.0184,0.0404839,31,-0.276955,1.29535,0.279379,0.0299136,0.022193,1.01598,0.963869,385.22,382.06,0.48,-779.9,20.53,-48.09,35.48,-827.99,1.93235e+28,0.0207655,GRACE
2006-06-01,2006,6,0.328337,0.0369333,30,-0.33483,0.663167,-0.297456,0.0258682,-0.0265385,0.960623,0.961293,384.24,381.93,0.67,-791.17,22.31,-19.11,37.87,-810.28,1.8836e+28,0.0202417,GRACE
2006-07-01,2006,7,0.435881,0.0381032,31,-0.24925,0.685131,-0.336854,0.0348404,-0.0780768,1.02198,1.06522,382.65,382.1,0.54,-872.54,22.17,-51.06,37.33,-923.6,2.1548e+28,0.023156,GRACE
2006-08-01,2006,8,0.361394,0.0394452,31,-0.128988,0.490381,-0.540778,0.0233175,-0.112015,1.03116,1.11986,380.6,382.27,0.71,-1000.4,20.64,26.63,36.11,-973.77,2.25051e+28,0.0241845,GRACE
2006-09-01,2006,9,0.76541,0.0403067,30,-0.0486666,0.814077,-0.262681,0.0137553,-0.128903,1.07676,1.19191,379.04,382.35,0.66,-1058.53,21.89,22.43,37.93,-1036.1,2.39612e+28,0.0257494,GRACE
2006-10-01,2006,10,1.28054,0.0399742,31,-0.0434448,1.32399,0.192423,0.021978,-0.136188,1.13156,1.24577,379.33,382.66,0.71,-1047,21.51,-50.66,36.96,-1097.66,2.55823e+28,0.0274914,GRACE
2006-11-01,2006,11,1.16178,0.0390433,30,-0.112008,1.27379,0.190411,-0.0282584,-0.111694,1.08338,1.22333,380.35,382.52,0.73,-1075.65,20.97,-54.94,36.82,-1130.59,2.63571e+28,0.028324,GRACE
2006-12-01,2006,12,1.11924,0.0407419,31,-0.24257,1.36181,0.246566,-0.0281699,-0.0785377,1.11524,1.22195,382.02,382.84,0.79,-1086.22,21.52,-207.95,37.89,-1294.17,3.05553e+28,0.0328355,GRACE
2007-01-01,2007,1,1.18383,0.0543323,31,-0.275782,1.45961,0.302894,-0.0171866,-0.028114,1.15672,1.20202,383.1,382.88,1.01,-1052.94,22.2,-400.34,38.35,-1453.28,3.47543e+28,0.0373479,GRACE
2007-02-01,2007,2,1.12544,0.0545143,28,-0.0730808,1.19852,0.0977358,-0.0379446,0.00613829,1.10078,1.13259,384.12,383.22,0.7,-1007.84,21.6,-372.96,37.91,-1380.8,3.30013e+28,0.0354641,GRACE
2007-03-01,2007,3,1.11107,0.0507161,31,0.0309472,1.08012,-0.0382088,-0.0262901,0.0318438,1.11833,1.11278,384.81,383.17,0.71,-1017.05,20.92,-308.11,37.63,-1325.16,3.15394e+28,0.033893,GRACE
2007-04-01,2007,4,1.42497,0.04897,30,-0.0142121,1.43919,0.266522,-0.00848667,0.0376599,1.17266,1.14349,386.73,383.95,0.77,-1006.6,21.45,-295.54,37.74,-1302.14,3.09723e+28,0.0332837,GRACE
2007-05-01,2007,5,1.17287,0.0531677,31,-0.21636,1.38923,0.202308,0.0267078,0.0127992,1.18693,1.14742,386.78,383.56,0.69,-996.94,21.08,-150.31,37.54,-1147.25,2.69962e+28,0.0290109,GRACE
2007-06-01,2007,6,0.451923,0.05312,30,-0.360802,0.812726,-0.316227,-0.0246176,-0.0255964,1.12895,1.17917,386.33,384.06,0.61,-1014.4,21.34,-151.12,38.35,-1165.52,2.7422e+28,0.0294684,GRACE
2007-07-01,2007,7,0.1178,0.0547645,31,-0.293639,0.411439,-0.740684,0.00470014,-0.0435559,1.15212,1.19098,384.73,384.25,0.6,-1143.07,21.13,-227.56,37.49,-1370.63,3.23799e+28,0.0347963,GRACE
2007-08-01,2007,8,0.136106,0.0533323,31,-0.0446967,0.180803,-0.988028,0.0393769,-0.0457613,1.16883,1.17522,382.24,383.95,0.6,-1337.9,22.65,-194.48,39.42,-1532.38,3.60422e+28,0.0387319,GRACE
2007-09-01,2007,9,0.71845,0.05325,30,0.0284022,0.690048,-0.513593,0.0446037,-0.0418624,1.20364,1.2009,381.2,384.56,0.6,-1399.35,22.21,-125.5,39.14,-1524.85,3.56846e+28,0.0383477,GRACE
2007-10-01,2007,10,0.844119,0.0526613,31,-0.0565712,0.900691,-0.287996,-0.00583079,-0.0568683,1.18869,1.25139,381.37,384.72,0.59,-1424.15,22.93,-200.94,39.48,-1625.09,3.82087e+28,0.04106,GRACE
2007-11-01,2007,11,1.06234,0.0524133,30,-0.159827,1.22216,0.0451883,-0.0253873,-0.057674,1.17698,1.26004,382.7,384.9,0.59,-1402.82,23.76,-394.66,40.78,-1797.48,4.27191e+28,0.0459071,GRACE
2007-12-01,2007,12,0.901106,0.0557419,31,-0.227923,1.12903,-0.00626734,-0.0341112,-0.0321229,1.1353,1.20153,384.19,385.07,0.5,-1343.84,22.52,-476.51,39.73,-1820.35,4.34663e+28,0.0467101,GRACE
2008-01-01,2008,1,0.957781,0.0522645,31,-0.214515,1.1723,0.0247914,-0.00249032,0.0254783,1.1475,1.12452,385.78,385.54,0.3,-1303.82,22.61,-671.31,39.4,-1975.13,4.75713e+28,0.0511214,GRACE
2008-02-01,2008,2,0.989548,0.0541345,29,-0.0786946,1.06824,-0.0748153,-0.0144356,0.0920651,1.14306,1.06543,386.06,385.2,0.38,-1321.95,24.23,-547.76,41.42,-1869.71,4.47997e+28,0.0481429,GRACE
2008-03-01,2008,3,0.948087,0.056729,31,-0.0179126,0.966,-0.148297,0.0146653,0.125747,1.1143,0.973885,386.28,384.72,0.75,-1272.54,22.61,-705.6,40.22,-1978.14,4.77321e+28,0.0512942,GRACE
2008-04-01,2008,4,1.0927,0.0554567,30,-0.0216123,1.11431,0.070049,-0.00118562,0.124506,1.04426,0.920939,387.33,384.71,0.54,-1293.07,24.49,-543.1,42.14,-1836.17,4.40097e+28,0.047294,GRACE
2008-05-01,2008,5,1.12602,0.0535,31,-0.121803,1.24782,0.172971,0.0283535,0.0809098,1.07485,0.965589,388.78,385.69,0.5,-1306.11,23.37,-451.85,40.72,-1757.96,4.19545e+28,0.0450854,GRACE
2008-06-01,2008,6,0.54764,0.0554033,30,-0.282923,0.830563,-0.251209,0.0192197,0.0438924,1.08177,1.01866,387.99,385.68,0.5,-1309.45,22.35,-522.88,40.35,-1832.33,4.38671e+28,0.0471407,GRACE
2008-07-01,2008,7,0.267355,0.0577516,31,-0.285336,0.552691,-0.532941,0.0295019,0.020828,1.08563,1.0353,386.62,386.05,0.6,-1455.13,23.18,-617.47,40.81,-2072.6,4.96883e+28,0.0533964,GRACE
2008-08-01,2008,8,0.383542,0.0555194,31,-0.0610697,0.444612,-0.587144,-0.00933794,0.00585448,1.03176,1.03524,384.32,385.98,0.45,-1615.91,22.62,-585.22,40.12,-2201.13,5.25826e+28,0.0565066,GRACE
2008-09-01,2008,9,0.888317,0.05398,30,0.0682505,0.820066,-0.248367,0.0523756,-0.00927419,1.06843,1.02533,383.41,386.69,0.6,-1679.33,22.45,-423.48,40.41,-2102.81,4.98742e+28,0.0535962,GRACE
2008-10-01,2008,10,1.09413,0.0555774,31,-0.00556813,1.0997,0.0387719,0.0288766,-0.0394924,1.06093,1.07154,383.22,386.5,0.67,-1666.82,22.3,-507.96,39.45,-2174.78,5.17668e+28,0.05563,GRACE
2008-11-01,2008,11,1.20876,0.0548367,30,-0.175963,1.38472,0.340232,-0.015998,-0.0349062,1.04449,1.09539,384.41,386.58,0.69,-1596.96,23.83,-500.13,40.86,-2097.09,4.99449e+28,0.0536721,GRACE
2008-12-01,2008,12,0.990642,0.0607419,31,-0.262097,1.25274,0.217615,-0.0148237,-0.00224927,1.03512,1.0522,385.79,386.64,0.54,-1524.85,23.2,-601.22,40.39,-2126.07,5.08848e+28,0.0546822,GRACE
2009-01-01,2009,1,0.828506,0.0548161,31,-0.132327,0.960833,-0.0188658,-0.00226477,0.0543708,0.979699,0.927593,387.17,386.86,0.65,-1502.86,23.07,-670.3,39.56,-2173.16,5.21598e+28,0.0560523,GRACE
2009-02-01,2009,2,0.751939,0.0539036,28,-0.00116352,0.753103,-0.198578,-0.0301737,0.116845,0.951681,0.86501,387.7,386.81,0.53,-1547.82,23.57,-636.76,39.68,-2184.58,5.23356e+28,0.0562412,GRACE
2009-03-01,2009,3,1.16384,0.0517484,31,0.0741927,1.08965,0.0996572,0.0103829,0.152661,0.989992,0.826949,389.04,387.54,0.53,-1548.16,23.06,-579.78,39.29,-2127.94,5.08713e+28,0.0546677,GRACE
2009-04-01,2009,4,1.25112,0.0493133,30,-0.0149242,1.26604,0.298297,0.0274531,0.149602,0.967744,0.790689,389.76,387.15,0.61,-1532.61,21.1,-557.68,36.54,-2090.29,4.99398e+28,0.0536667,GRACE
2009-05-01,2009,5,1.12614,0.0514677,31,-0.115451,1.24159,0.294256,0.0217516,0.103046,0.947333,0.822536,390.36,387.24,0.65,-1516.05,20.91,-540.15,35.94,-2056.2,4.9103e+28,0.0527674,GRACE
2009-06-01,2009,6,0.64102,0.05319,30,-0.213319,0.854339,-0.0543728,0.0185596,0.0341155,0.908711,0.856036,389.7,387.46,0.63,-1521.94,20.57,-518.04,35.7,-2039.98,4.86683e+28,0.0523003,GRACE
2009-07-01,2009,7,0.0888935,0.0528516,31,-0.22773,0.316623,-0.552255,0.0173172,-0.00585728,0.868878,0.857418,388.24,387.77,0.74,-1631.71,22.02,-421.42,36.71,-2053.13,4.8717e+28,0.0523526,GRACE
2009-08-01,2009,8,0.2941,0.0488323,31,-0.110661,0.404761,-0.492906,0.0409667,-0.0461989,0.897667,0.902899,386.29,387.99,0.69,-1839.53,20.97,-459.65,34.68,-2299.18,5.45227e+28,0.0585916,GRACE
2009-09-01,2009,9,0.68658,0.04898,30,0.0609641,0.625616,-0.274232,0.0317595,-0.0794443,0.899848,0.947533,384.95,388.22,0.72,-1892.37,20.09,-469.82,33.63,-2362.19,5.60105e+28,0.0601904,GRACE
2009-10-01,2009,10,0.992881,0.0509065,31,0.0845538,0.908327,0.0277043,0.0130952,-0.105407,0.880623,0.972934,384.64,387.88,0.65,-1865.51,20.7,-507.62,33.87,-2373.13,5.63644e+28,0.0605707,GRACE
2009-11-01,2009,11,0.919163,0.05041,30,-0.0793364,0.9985,0.172572,-0.0437332,-0.106458,0.825928,0.976119,386.23,388.36,0.8,-1844.56,20.6,-478.56,33.42,-2323.12,5.51279e+28,0.0592419,GRACE
2009-12-01,2009,12,0.903581,0.0550839,31,-0.233352,1.13693,0.294066,0.00539943,-0.0824518,0.842866,0.919918,387.63,388.43,0.67,-1820.76,20.35,-587.01,33.39,-2407.77,5.7378e+28,0.06166,GRACE
2010-01-01,2010,1,0.82479,0.054829,31,-0.122551,0.947341,0.134196,0.0104791,-0.0273308,0.813145,0.829997,388.91,388.62,0.75,-1819.3,20.08,-737.72,32.99,-2557.02,6.12379e+28,0.0658079,GRACE
2010-02-01,2010,2,1.24088,0.0555464,28,0.0325044,1.20837,0.402864,-0.0115183,0.00553715,0.80551,0.811491,390.41,389.47,0.84,-1796.77,19.91,-717.06,32.72,-2513.83,6.01818e+28,0.064673,GRACE
2010-03-01,2010,3,1.21362,0.0520871,31,0.186981,1.02664,0.227448,-0.00494761,0.0312327,0.799194,0.772909,391.37,389.85,0.92,-1785.6,21.09,-605.67,34.47,-2391.27,5.7045e+28,0.0613021,GRACE
2010-04-01,2010,4,1.30735,0.0526167,30,0.046058,1.26129,0.447547,0.00642369,0.0363916,0.813745,0.77093,392.67,390.12,0.85,-1813.47,19.2,-700.84,32.16,-2514.31,6.01499e+28,0.0646387,GRACE
2010-05-01,2010,5,0.91991,0.074671,31,-0.155518,1.07543,0.295413,0.0382708,0.0101073,0.780015,0.731637,393.21,390.09,0.75,-1785.37,19.51,-741.25,32.59,-2526.62,6.05425e+28,0.0650606,GRACE
2010-06-01,2010,6,0.185303,0.0541433,30,-0.225624,0.410928,-0.349028,0.0253898,-0.0310263,0.759956,0.765592,392.38,390.1,0.68,-1892.28,23.57,-748.88,38.39,-2641.16,6.32182e+28,0.0679359,GRACE
2010-07-01,2010,7,-0.234316,0.0570935,31,-0.148481,-0.0858347,-0.870993,0.0415725,-0.0514647,0.785158,0.79505,390.41,389.93,0.63,-2063.9,20.44,-948.16,35.6,-3012.06,7.23455e+28,0.0777445,GRACE
2010-08-01,2010,8,0.042771,0.0538419,31,-0.01153,0.054301,-0.736025,0.038782,-0.0615464,0.790326,0.813091,388.54,390.21,0.67,-2254.61,19.58,-873.55,34.59,-3128.16,7.48393e+28,0.0804243,GRACE
2010-09-01,2010,9,0.302737,0.04767,30,0.092204,0.210533,-0.57546,0.0194071,-0.0685961,0.785992,0.835181,387.03,390.32,0.63,-2350.28,20.34,-786.81,36.36,-3137.09,7.48163e+28,0.0803996,GRACE
2010-10-01,2010,10,0.979126,0.051229,31,0.103415,0.875711,0.0459922,0.0358236,-0.101067,0.829719,0.894962,387.43,390.72,0.71,-2317.47,21.89,-829.71,38.41,-3147.18,7.5164e+28,0.0807733,GRACE
2010-11-01,2010,11,1.01335,0.0517267,30,0.0132799,1.00007,0.194829,-0.00468181,-0.109183,0.805238,0.919103,388.87,390.99,0.81,-2336.44,23.03,-863.03,39.56,-3199.47,7.64646e+28,0.082171,GRACE
2010-12-01,2010,12,0.632345,0.0546419,31,-0.119261,0.751607,-0.00781215,-0.023884,-0.0728369,0.759419,0.85614,389.99,390.8,0.45,-2319.7,23.6,-871.31,40.64,-3191.01,7.62905e+28,0.0819838,GRACE
2011-01-01,2011,1,0.516168,0.0511323,31,-0.127099,0.643266,-0.136002,-0.00127956,-0.017918,0.779268,0.798466,391.5,391.19,0.52,NaN,NaN,NaN,NaN,NaN,NaN,NaN,MISSING_MONTH
2011-02-01,2011,2,0.777043,0.0527429,28,0.0746531,0.70239,-0.0433498,-0.0287446,0.0435944,0.74574,0.73089,392.05,391.12,0.47,-2295.14,26.61,-944.45,43.12,-3239.59,7.76107e+28,0.0834026,GRACE
2011-03-01,2011,3,1.05941,0.050371,31,0.174468,0.884945,0.0687085,0.015247,0.114221,0.816237,0.686769,392.8,391.27,0.65,-2282.71,24.62,-968.2,41.59,-3250.91,7.79361e+28,0.0837523,GRACE
2011-04-01,2011,4,1.11408,0.0496333,30,0.126857,0.987219,0.164205,0.00418863,0.131401,0.823014,0.687425,393.44,390.83,0.64,-2281.59,23.78,-997.97,41.19,-3279.56,7.86793e+28,0.0845509,GRACE
2011-05-01,2011,5,1.07121,0.0468903,31,-0.0665312,1.13774,0.30644,0.0510454,0.0937214,0.831301,0.686534,394.41,391.24,0.53,-2300.05,23.03,-923.66,40.13,-3223.71,7.71874e+28,0.0829477,GRACE
2011-06-01,2011,6,0.44817,0.0468,30,-0.199201,0.647371,-0.184385,0.0574412,0.0340864,0.831755,0.740228,393.95,391.64,0.62,NaN,NaN,NaN,NaN,NaN,NaN,NaN,MISSING_MONTH
2011-07-01,2011,7,-0.00357419,0.0522097,31,-0.132253,0.128679,-0.67723,-0.00101181,-0.00738488,0.805909,0.814306,392.72,392.24,0.71,-2488.67,24.39,-871.25,42.71,-3359.92,8.02063e+28,0.0861918,GRACE
2011-08-01,2011,8,0.242335,0.0459161,31,0.103799,0.138536,-0.676214,0.0153159,-0.048131,0.81475,0.847565,390.33,392.04,0.74,-2681.91,22.86,-900.58,40.47,-3582.49,8.54441e+28,0.0918205,GRACE
2011-09-01,2011,9,0.75492,0.0453533,30,0.197751,0.557169,-0.291218,0.00901102,-0.0725905,0.848387,0.911967,389.28,392.6,0.56,-2739.17,21.74,-817.32,39.68,-3556.49,8.46205e+28,0.0909355,GRACE
2011-10-01,2011,10,1.05794,0.0482258,31,0.134049,0.92389,0.0262175,0.0139299,-0.0834988,0.897673,0.967241,389.19,392.53,0.65,-2760.16,21.105,-852.145,39.1,-3612.31,8.6007e+28,0.0924254,GRACE
2011-11-01,2011,11,1.0714,0.0460433,30,0.00462373,1.06678,0.19584,-0.0231385,-0.077314,0.87094,0.971392,390.48,392.64,0.6,NaN,NaN,NaN,NaN,NaN,NaN,NaN,MISSING_MONTH
2011-12-01,2011,12,1.04305,0.058,31,-0.0854309,1.12848,0.218321,-0.00692027,-0.0451268,0.910158,0.962205,392.06,392.86,0.6,NaN,NaN,NaN,NaN,NaN,NaN,NaN,MISSING_MONTH
2012-01-01,2012,1,1.01241,0.0507,31,-0.0515127,1.06392,0.143716,-0.0131425,0.00638402,0.920206,0.926965,393.31,393.07,0.47,-2705.41,20.05,-1072.07,38.31,-3777.48,9.04195e+28,0.0971672,GRACE
2012-02-01,2012,2,0.793997,0.0498586,29,0.104116,0.689881,-0.174001,-0.0403155,0.0510613,0.863881,0.853135,394.04,393.2,0.48,-2688.88,21.01,-1076.02,38.76,-3764.9,9.01383e+28,0.0968651,GRACE
2012-03-01,2012,3,1.132,0.0493194,31,0.178775,0.953222,0.040395,0.0018274,0.0852511,0.912827,0.825748,394.59,392.99,0.57,-2644.88,19.3,-1063.89,37.1,-3708.77,8.88048e+28,0.0954321,GRACE
2012-04-01,2012,4,1.21427,0.04845,30,0.156566,1.05771,0.133205,0.0232319,0.0745381,0.924502,0.826732,396.38,393.65,0.73,-2634.43,23.2,-1006.98,43.29,-3641.41,8.70923e+28,0.0935917,GRACE
2012-05-01,2012,5,0.93451,0.0467484,31,0.0402101,0.8943,-0.0082191,0.0295318,0.0359111,0.902519,0.837076,396.93,393.73,0.78,NaN,NaN,NaN,NaN,NaN,NaN,NaN,MISSING_MONTH
2012-06-01,2012,6,0.451117,0.0532767,30,-0.098468,0.549585,-0.35597,-0.0138556,-0.0139254,0.905555,0.933336,395.91,393.63,0.65,-2665.94,21.24,-1047.38,39.97,-3713.32,8.88665e+28,0.0954984,GRACE
2012-07-01,2012,7,0.0994387,0.0478677,31,-0.0837266,0.183165,-0.746456,0.0159402,-0.0378798,0.929621,0.951561,394.56,394.12,0.59,-2896.38,20.2,-1028.34,38.77,-3924.72,9.37171e+28,0.100711,GRACE
2012-08-01,2012,8,0.33219,0.0499258,31,0.108976,0.223215,-0.752458,0.0411307,-0.0551954,0.975673,0.989737,392.59,394.37,0.66,-3203.49,20.12,-963.13,37.68,-4166.62,9.91523e+28,0.106552,GRACE
2012-09-01,2012,9,0.853293,0.0507933,30,0.242771,0.610523,-0.374681,0.0282133,-0.0713788,0.985203,1.02837,391.32,394.75,0.72,-3304.69,22.48,-928.13,41.13,-4232.82,1.00594e+29,0.108101,GRACE
2012-10-01,2012,10,0.964252,0.0469742,31,0.187944,0.776308,-0.158438,-0.00930345,-0.101687,0.934746,1.04574,391.27,394.64,0.8,NaN,NaN,NaN,NaN,NaN,NaN,NaN,MISSING_MONTH
2012-11-01,2012,11,1.25845,0.0497867,30,0.0207581,1.23769,0.273077,0.0110088,-0.102638,0.964612,1.05624,393.2,395.25,0.78,-3243.63,23.04,-1056.01,41.59,-4299.64,1.02483e+29,0.110131,GRACE
2012-12-01,2012,12,0.936623,0.0587323,31,-0.0826435,1.01927,0.0660035,-0.0273335,-0.0729442,0.953263,1.05354,394.57,395.27,0.53,-3225.14,20.98,-1088.23,39.5,-4313.37,1.02886e+29,0.110564,GRACE
2013-01-01,2013,1,1.19481,0.0614032,31,0.0342473,1.16057,0.218574,-0.000828644,-0.0199421,0.941992,0.962762,395.78,395.62,0.71,-3222.58,20.49,-1252.99,38.95,-4475.57,1.07084e+29,0.115075,GRACE
2013-02-01,2013,2,1.13884,0.056625,28,0.185649,0.953186,0.0285295,-0.0249068,0.0398168,0.924657,0.909747,397.03,396.23,0.62,-3212.32,22.19,-1355.16,40.13,-4567.48,1.09485e+29,0.117656,GRACE
2013-03-01,2013,3,1.59951,0.055971,31,0.284174,1.31533,0.380217,0.00777291,0.0729279,0.935116,0.854415,397.66,396.07,0.67,NaN,NaN,NaN,NaN,NaN,NaN,NaN,MISSING_MONTH
2013-04-01,2013,4,1.53113,0.0540233,30,0.191907,1.33922,0.371577,0.0336603,0.0848705,0.967643,0.849112,398.64,395.79,0.53,-3216.85,22.91,-1139.7,41.33,-4356.55,1.04024e+29,0.111787,GRACE
2013-05-01,2013,5,1.24851,0.0538645,31,0.0543263,1.19419,0.256616,0.0361455,0.0545403,0.937571,0.846885,400.02,396.64,0.6,-3182.7,20.32,-1249.7,37.55,-4432.4,1.06074e+29,0.11399,GRACE
2013-06-01,2013,6,0.559877,0.0552967,30,-0.0476806,0.607557,-0.293699,0.0261884,0.0141574,0.901257,0.860911,398.81,396.48,0.7,-3160.04,20.87,-1240.97,38.41,-4401.01,1.05323e+29,0.113183,GRACE
2013-07-01,2013,7,0.215474,0.0567129,31,-0.0345159,0.24999,-0.650902,0.0212283,-0.00498669,0.900892,0.884651,397.51,397.13,0.6,-3267.23,20.32,-1190.29,37.76,-4457.52,1.06499e+29,0.114447,GRACE
2013-08-01,2013,8,0.403632,0.0567452,31,0.0886966,0.314936,-0.600526,0.010365,-0.019943,0.915462,0.92504,395.39,397.27,0.7,NaN,NaN,NaN,NaN,NaN,NaN,NaN,MISSING_MONTH
2013-09-01,2013,9,0.85388,0.05753,30,0.238503,0.615377,-0.290041,4.46562e-05,-0.0350187,0.905418,0.940392,393.72,397.24,0.77,NaN,NaN,NaN,NaN,NaN,NaN,NaN,MISSING_MONTH
2013-10-01,2013,10,1.19706,0.0569871,31,0.246506,0.950558,0.0237843,0.0310951,-0.0594136,0.926774,0.955092,393.9,397.25,0.69,-3338.23,20.23,-1288,37.99,-4626.23,1.10669e+29,0.118928,GRACE
2013-11-01,2013,11,1.23225,0.0573967,30,0.102777,1.12947,0.224432,-0.0225687,-0.0531906,0.905037,0.980797,395.36,397.35,0.83,-3337.71,19.61,-1330.75,36,-4668.46,1.11762e+29,0.120102,GRACE
2013-12-01,2013,12,1.13409,0.0540839,31,-0.0260846,1.16017,0.313977,-0.0321971,-0.014893,0.846198,0.893288,397.03,397.78,0.7,-3324.69,19.27,-1380.46,35.42,-4705.15,1.12744e+29,0.121158,GRACE
2014-01-01,2014,1,1.04743,0.0510032,31,0.0527932,0.994639,0.14073,-0.0111772,0.0259973,0.853909,0.839089,398.04,397.74,0.76,-3311.31,23.07,-1492.19,40.08,-4803.5,1.15321e+29,0.123927,GRACE
2014-02-01,2014,2,1.13389,0.0524143,28,0.209296,0.92459,0.0875777,-0.0109542,0.0685523,0.837012,0.779414,398.27,397.45,0.55,NaN,NaN,NaN,NaN,NaN,NaN,NaN,MISSING_MONTH
2014-03-01,2014,3,1.40427,0.0538355,31,0.349504,1.05477,0.194654,-0.00567471,0.10641,0.860113,0.759377,399.91,398.37,0.78,-3260.53,17.16,-1604.87,32.32,-4865.4,1.17055e+29,0.12579,GRACE
2014-04-01,2014,4,1.43393,0.0621267,30,0.233023,1.2009,0.316729,0.00940272,0.114043,0.884174,0.760728,401.51,398.63,0.81,-3249.75,17.55,-1532.35,33.17,-4782.1,1.14931e+29,0.123508,GRACE
2014-05-01,2014,5,1.1345,0.0538645,31,0.0259704,1.10853,0.242506,0.0415429,0.0950243,0.866021,0.729453,401.96,398.56,0.87,-3246.93,17.85,-1421.29,33.12,-4668.22,1.11996e+29,0.120354,GRACE
2014-06-01,2014,6,0.641457,0.0505567,30,-0.0687044,0.710161,-0.149355,0.0347721,0.0496838,0.859516,0.77506,401.43,399.1,0.67,-3283.38,19.38,-1462.1,35.01,-4745.48,1.13896e+29,0.122395,GRACE
2014-07-01,2014,7,0.4206,0.0550452,31,-2.13227e-05,0.420621,-0.449727,0.0444288,0.0164912,0.870348,0.809428,399.27,398.85,0.58,NaN,NaN,NaN,NaN,NaN,NaN,NaN,MISSING_MONTH
2014-08-01,2014,8,0.391665,0.053929,31,0.16902,0.222645,-0.655524,0.0262912,-0.00261577,0.878169,0.854493,397.18,399.07,0.83,-3561.85,18.17,-1525.49,33.48,-5087.34,1.2199e+29,0.131093,GRACE
2014-09-01,2014,9,0.802573,0.05139,30,0.281308,0.521266,-0.402453,0.0140962,-0.0146643,0.923718,0.924286,395.54,399.11,0.88,-3596.64,17.57,-1327.47,32.98,-4924.11,1.1768e+29,0.126462,GRACE
2014-10-01,2014,10,1.14633,0.0537226,31,0.263254,0.883079,-0.0267516,0.000588864,-0.0431374,0.90983,0.952379,396.16,399.58,0.8,-3581.71,16.74,-1407.09,31.97,-4988.8,1.19391e+29,0.128301,GRACE
2014-11-01,2014,11,1.19414,0.0553333,30,0.148689,1.04545,0.167802,-0.0279854,-0.0425773,0.877653,0.948215,397.4,399.49,0.67,-3577.73,16.8,-1478.91,31.54,-5056.64,1.21154e+29,0.130196,GRACE
2014-12-01,2014,12,1.1986,0.0601516,31,0.0382548,1.16035,0.209845,-0.00987686,-0.0126899,0.9505,0.973067,399.08,399.81,0.79,NaN,NaN,NaN,NaN,NaN,NaN,NaN,MISSING_MONTH
2015-01-01,2015,1,1.05283,0.0563613,31,0.0453047,1.00753,0.0528738,0.00144722,0.0333558,0.954654,0.919851,400.18,399.92,0.86,-3492.77,19.66,-1769.62,35.28,-5262.39,1.26695e+29,0.13615,GRACE
2015-02-01,2015,2,1.25559,0.0546536,28,0.227803,1.02778,0.0693022,-0.00117952,0.0666416,0.958481,0.893019,400.55,399.77,0.91,-3500.61,33.73,-1859.08,56.87,-5359.69,1.29188e+29,0.138829,GRACE
2015-03-01,2015,3,1.52053,0.052729,31,0.3004,1.22013,0.233558,0.0105359,0.100308,0.986574,0.875731,401.74,400.22,0.96,-3454.51,15.13,-1828.61,30.74,-5283.12,1.27332e+29,0.136835,GRACE
2015-04-01,2015,4,1.40257,0.0524467,30,0.249797,1.15278,0.170263,0.014232,0.112445,0.982513,0.855835,403.35,400.46,0.75,-3446.65,16.475,-1773.01,33.51,-5219.66,1.25714e+29,0.135095,GRACE
2015-05-01,2015,5,1.27237,0.0475968,31,0.0766478,1.19572,0.212256,0.0222833,0.0877969,0.983464,0.873384,404.15,400.7,0.8,NaN,NaN,NaN,NaN,NaN,NaN,NaN,MISSING_MONTH
2015-06-01,2015,6,0.681897,0.0484667,30,-0.0493364,0.731233,-0.232137,0.0229126,0.0468543,0.96337,0.893603,402.97,400.65,0.82,NaN,NaN,NaN,NaN,NaN,NaN,NaN,MISSING_MONTH
2015-07-01,2015,7,0.689855,0.0542871,31,-0.00294111,0.692796,-0.302374,0.0194268,-0.00268325,0.995169,0.978426,401.46,401.11,0.73,-3627.32,18.12,-1689.82,37.16,-5317.14,1.27753e+29,0.137287,GRACE
2015-08-01,2015,8,0.948,0.0523161,31,0.214864,0.733136,-0.291636,0.0260754,-0.0381659,1.02477,1.03686,399.11,401.04,0.8,-3760.97,17.56,-1855.6,34.6,-5616.57,1.35135e+29,0.145219,GRACE
2015-09-01,2015,9,1.42189,0.0528033,30,0.335408,1.08648,0.0267233,0.00257239,-0.0796748,1.05976,1.13686,397.82,401.43,0.84,-3799.31,19.36,-1818.38,36.94,-5617.69,1.35062e+29,0.145141,GRACE
2015-10-01,2015,10,1.64482,0.0551452,31,0.273439,1.37138,0.304783,0.0172332,-0.120948,1.06659,1.17031,398.49,401.89,1.08,NaN,NaN,NaN,NaN,NaN,NaN,NaN,MISSING_MONTH
2015-11-01,2015,11,1.52835,0.05299,30,0.102477,1.42587,0.376057,-0.0164466,-0.099912,1.04981,1.16617,400.27,402.24,1.06,NaN,NaN,NaN,NaN,NaN,NaN,NaN,MISSING_MONTH
2015-12-01,2015,12,1.64237,0.0532645,31,-0.00352339,1.64589,0.596541,-0.021163,-0.0784789,1.04935,1.14899,402.06,402.72,1.17,-3743.24,20.12,-1828.76,36.83,-5572,1.3403e+29,0.144032,GRACE
2016-01-01,2016,1,1.79162,0.0587484,31,0.0609004,1.73072,0.712041,-0.0184521,-0.0335119,1.01867,1.07064,402.73,402.45,1.18,-3684.17,18.53,-1836.71,35.33,-5520.88,1.32866e+29,0.142781,GRACE
2016-02-01,2016,2,1.60198,0.0552897,29,0.221921,1.38006,0.338514,0.00452703,0.0107492,1.04154,1.02627,404.25,403.4,1.37,-3706.97,17.43,-1910.47,34.08,-5617.44,1.353e+29,0.145397,GRACE
2016-03-01,2016,3,2.00143,0.0589968,31,0.29156,1.70987,0.629269,0.0111862,0.0444129,1.0806,1.025,405.06,403.54,1.35,-3704.58,17.57,-1849.69,35.06,-5554.27,1.33675e+29,0.14365,GRACE
2016-04-01,2016,4,1.7474,0.05426,30,0.2344,1.513,0.478609,0.000450073,0.0586599,1.03439,0.975281,407.6,404.77,1.09,NaN,NaN,NaN,NaN,NaN,NaN,NaN,MISSING_MONTH
2016-05-01,2016,5,1.6596,0.0527129,31,0.108361,1.55124,0.483297,0.0164311,0.0307658,1.06794,1.02075,407.9,404.41,0.96,-3680.64,18.82,-1737.4,37.37,-5418.04,1.30218e+29,0.139936,GRACE
2016-06-01,2016,6,0.884267,0.05732,30,0.000332537,0.883934,-0.217981,0.038452,-0.0125175,1.10192,1.07598,406.99,404.59,0.81,-3676.39,17.84,-1716.88,34.41,-5393.27,1.2959e+29,0.139261,GRACE
2016-07-01,2016,7,0.428532,0.0570452,31,0.0131641,0.415368,-0.658625,-0.000283717,-0.0312387,1.07399,1.10552,404.59,404.24,0.84,-3845.54,18.57,-1603.57,34.24,-5449.11,1.30584e+29,0.140329,GRACE
2016-08-01,2016,8,0.670448,0.0539903,31,0.160377,0.510071,-0.573072,0.0142098,-0.053657,1.08314,1.12259,402.45,404.41,1.01,-4093.7,21.35,-1558.73,36.49,-5652.43,1.35179e+29,0.145267,GRACE
2016-09-01,2016,9,1.07457,0.05496,30,0.301103,0.77347,-0.34567,0.0233039,-0.07073,1.11914,1.16657,401.23,404.85,0.9,NaN,NaN,NaN,NaN,NaN,NaN,NaN,MISSING_MONTH
2016-10-01,2016,10,1.44566,0.0526097,31,0.264394,1.18127,0.0880969,-0.0214105,-0.088814,1.09317,1.2034,401.79,405.23,0.87,NaN,NaN,NaN,NaN,NaN,NaN,NaN,MISSING_MONTH
2016-11-01,2016,11,1.53313,0.0527533,30,0.0901383,1.44299,0.342535,-0.0165677,-0.103788,1.10046,1.22081,403.72,405.74,0.91,-3968.08,41.53,-1654.85,61.23,-5622.93,1.3475e+29,0.144806,GRACE
2016-12-01,2016,12,1.26217,0.0548129,31,-0.0406657,1.30283,0.246378,-0.0425362,-0.0845193,1.05646,1.18351,404.64,405.33,0.86,-4033.28,41.37,-1603.91,61.11,-5637.19,1.34945e+29,0.145016,GRACE
2017-01-01,2017,1,1.19009,0.0552258,31,0.0646498,1.12544,0.0905119,-0.0336906,-0.0200697,1.03493,1.08869,406.36,406.04,1.02,-3985.06,41.37,-1615.4,60.53,-5600.46,1.34124e+29,0.144133,GRACE
2017-02-01,2017,2,1.32584,0.0534071,28,0.228645,1.0972,0.0874661,-0.0202147,0.0384319,1.00973,0.991515,406.66,405.8,1.13,NaN,NaN,NaN,NaN,NaN,NaN,NaN,MISSING_MONTH
2017-03-01,2017,3,1.49905,0.0514323,31,0.348484,1.15056,0.139442,-0.0259545,0.0831667,1.01112,0.95391,407.54,406.05,1.16,NaN,NaN,NaN,NaN,NaN,NaN,NaN,MISSING_MONTH
2017-04-01,2017,4,1.62961,0.0519467,30,0.230601,1.39901,0.36143,-0.00854383,0.0915707,1.03758,0.954549,409.22,406.37,0.94,-3958.7,40.85,-1898.39,61.51,-5857.09,1.40824e+29,0.151333,GRACE
2017-05-01,2017,5,1.32358,0.0511839,31,0.0508565,1.27272,0.287309,0.00298164,0.0667719,0.985415,0.915661,409.89,406.37,0.91,-3934.27,39.68,-1778.63,59.81,-5712.9,1.37164e+29,0.1474,GRACE
2017-06-01,2017,6,0.71941,0.0539433,30,-0.0410926,0.760503,-0.204817,-0.0120713,0.0217808,0.96532,0.95561,409.08,406.68,0.71,-3962.51,39.25,-1775.35,59.72,-5737.86,1.37734e+29,0.148012,GRACE
2017-07-01,2017,7,0.418242,0.0576742,31,-0.00218668,0.420429,-0.558191,0.00228211,-0.00625833,0.97862,0.982596,407.33,407.01,0.82,NaN,NaN,NaN,NaN,NaN,NaN,NaN,GRACE_GAP
2017-08-01,2017,8,0.338468,0.0551065,31,0.112656,0.225812,-0.738382,-0.0193523,-0.0465324,0.964194,1.03008,405.32,407.31,0.87,NaN,NaN,NaN,NaN,NaN,NaN,NaN,GRACE_GAP
2017-09-01,2017,9,0.6952,0.05769,30,0.231675,0.463525,-0.483408,-0.0344405,-0.074157,0.946933,1.05553,403.57,407.17,0.74,NaN,NaN,NaN,NaN,NaN,NaN,NaN,GRACE_GAP
2017-10-01,2017,10,1.01169,0.0525806,31,0.225055,0.786638,-0.144153,-0.0422754,-0.0894592,0.930791,1.06253,403.82,407.23,0.88,NaN,NaN,NaN,NaN,NaN,NaN,NaN,GRACE_GAP
2017-11-01,2017,11,1.16148,0.0542733,30,0.104746,1.05673,0.145537,-0.0452444,-0.0934536,0.911197,1.04989,405.31,407.36,0.87,NaN,NaN,NaN,NaN,NaN,NaN,NaN,GRACE_GAP
2017-12-01,2017,12,1.04805,0.0546419,31,-0.00839126,1.05645,0.179127,-0.0246087,-0.0751552,0.877319,0.977083,407,407.71,0.93,NaN,NaN,NaN,NaN,NaN,NaN,NaN,GRACE_GAP
2018-01-01,2018,1,0.633545,0.0569613,31,0.0202337,0.613311,-0.203022,-0.0248255,-0.0250706,0.816333,0.86623,408.15,407.83,0.82,NaN,NaN,NaN,NaN,NaN,NaN,NaN,GRACE_GAP
2018-02-01,2018,2,1.07907,0.0549214,28,0.183978,0.89509,0.09546,-0.032538,0.0272086,0.79963,0.804959,408.52,407.61,0.85,NaN,NaN,NaN,NaN,NaN,NaN,NaN,GRACE_GAP
2018-03-01,2018,3,1.03745,0.0548516,31,0.307243,0.730209,-0.0127682,-0.0191919,0.0683902,0.742977,0.693779,409.59,408.06,0.88,NaN,NaN,NaN,NaN,NaN,NaN,NaN,GRACE_GAP
2018-04-01,2018,4,1.08531,0.05126,30,0.213385,0.871922,0.133057,0.000832635,0.0885476,0.738864,0.649484,410.45,407.65,0.88,NaN,NaN,NaN,NaN,NaN,NaN,NaN,GRACE_GAP
2018-05-01,2018,5,0.808461,0.0526,31,-0.00253264,0.810994,0.079816,-0.0091365,0.0684569,0.731178,0.671858,411.44,407.98,0.81,NaN,NaN,NaN,NaN,NaN,NaN,NaN,GRACE_GAP
2018-06-01,2018,6,0.227607,0.0525133,30,-0.123703,0.351309,-0.325289,-0.00162362,0.0276515,0.676598,0.650571,410.99,408.6,0.77,-4005.66,30.38,-1968.76,48.88,-5974.42,1.43731e+29,0.154457,GRACE_FO
2018-07-01,2018,7,0.0137742,0.0541677,31,-0.0628231,0.0765973,-0.607163,0.0196123,-0.00205024,0.68376,0.666198,408.9,408.6,0.84,-4039.37,28.68,-1985.38,43.09,-6024.75,1.44942e+29,0.155758,GRACE_FO
2018-08-01,2018,8,0.205787,0.0552161,31,0.135587,0.0702001,-0.612529,0.03524,-0.0294104,0.682729,0.676899,407.16,409.17,0.78,NaN,NaN,NaN,NaN,NaN,NaN,NaN,MISSING_MONTH
2018-09-01,2018,9,0.49072,0.0533833,30,0.241917,0.248803,-0.38973,0.0167354,-0.0406197,0.638533,0.662417,405.71,409.3,0.8,NaN,NaN,NaN,NaN,NaN,NaN,NaN,MISSING_MONTH
2018-10-01,2018,10,0.930952,0.052529,31,0.182753,0.748199,0.12313,-0.013434,-0.0695216,0.625069,0.708024,406.19,409.56,1.02,-4228.03,27.89,-2121.95,40.62,-6349.98,1.52844e+29,0.16425,GRACE_FO
2018-11-01,2018,11,1.05638,0.05433,30,0.0566941,0.999686,0.421212,-0.00277553,-0.0625263,0.578474,0.643776,408.21,410.24,0.83,-4192.05,24.83,-2077.21,36.25,-6269.26,1.50854e+29,0.162112,GRACE_FO
2018-12-01,2018,12,0.771577,0.0587645,31,-0.0253191,0.796897,0.263489,-0.0172678,-0.019207,0.533408,0.569882,409.27,409.99,0.93,-4160.59,23.82,-2225.29,34.64,-6385.88,1.5395e+29,0.165439,GRACE_FO
2019-01-01,2019,1,0.812455,0.0601774,31,-0.0160577,0.828513,0.320982,-0.0192095,0.0233438,0.507531,0.503396,411.03,410.69,0.93,-4161.51,23.4,-2351.29,34.09,-6512.8,1.57227e+29,0.16896,GRACE_FO
2019-02-01,2019,2,1.00573,0.0558714,28,0.143178,0.862555,0.428643,-0.0457853,0.0628246,0.433912,0.416872,411.96,410.97,0.96,-4191.24,23.83,-2410.18,33.98,-6601.42,1.59438e+29,0.171336,GRACE_FO
2019-03-01,2019,3,0.958132,0.0559742,31,0.188266,0.769866,0.338863,-0.0248314,0.0797084,0.431003,0.376126,412.18,410.71,1.17,-4204.33,23.28,-2342.97,33.41,-6547.3,1.58005e+29,0.169796,GRACE_FO
2019-04-01,2019,4,0.978143,0.0532033,30,0.140244,0.837899,0.431035,-0.0108609,0.0806213,0.406864,0.337104,413.54,410.92,1.01,-4195.5,23.02,-2297.93,33.39,-6493.43,1.56637e+29,0.168326,GRACE_FO
2019-05-01,2019,5,0.699597,0.0530903,31,-0.00764912,0.707246,0.334963,0.0160111,0.065495,0.372283,0.290777,414.86,411.47,0.86,-4155.58,23.13,-2133.76,33.27,-6289.34,1.5147e+29,0.162773,GRACE_FO
2019-06-01,2019,6,0.152933,0.0534233,30,-0.132825,0.285758,-0.0462042,0.00534192,0.038795,0.331962,0.287825,414.15,411.74,0.9,-4227.64,23.24,-2200.85,33.22,-6428.49,1.54874e+29,0.166431,GRACE_FO
2019-07-01,2019,7,-0.450506,0.0555839,31,-0.117265,-0.333241,-0.648233,0.00121211,0.00646876,0.314992,0.307311,411.96,411.64,0.94,-4413.26,22.99,-2090.82,33.3,-6504.08,1.56334e+29,0.168001,GRACE_FO
2019-08-01,2019,8,-0.226319,0.0555355,31,0.0852686,-0.311588,-0.592672,-0.0120338,-0.0138202,0.281084,0.306938,410.17,412.1,0.95,-4665.86,23.14,-2233.05,33.26,-6898.91,1.65865e+29,0.178243,GRACE_FO
2019-09-01,2019,9,0.0043,0.0545567,30,0.232632,-0.228332,-0.500641,-0.0199047,-0.0384566,0.272309,0.33067,408.76,412.26,0.93,-4777.46,23.3,-2249.65,33.22,-7027.11,1.68881e+29,0.181484,GRACE_FO
2019-10-01,2019,10,0.183823,0.0551065,31,0.164407,0.0194155,-0.205027,-0.0353432,-0.0337806,0.224443,0.293566,408.74,412.09,1,-4768.7,22.9,-2264.77,33.25,-7033.47,1.69069e+29,0.181686,GRACE_FO
2019-11-01,2019,11,0.360857,0.0586833,30,-0.0394933,0.40035,0.18594,-0.0174531,-0.0266736,0.21441,0.258537,410.47,412.5,0.99,-4704.45,23.02,-2281.64,33.17,-6986.09,1.68015e+29,0.180554,GRACE_FO
2019-12-01,2019,12,0.223274,0.0619871,31,-0.151484,0.374758,0.211194,-0.0272533,0.00357256,0.163564,0.187245,411.97,412.71,1.12,-4701.71,23.19,-2377.97,33.15,-7079.68,1.7044e+29,0.18316,GRACE_FO
2020-01-01,2020,1,0.448139,0.0541323,31,-0.0537002,0.501839,0.37431,-0.0373949,0.0563617,0.127529,0.108562,413.59,413.22,1.18,-4753.96,23.43,-2616.75,33.55,-7370.71,1.77821e+29,0.191091,GRACE_FO
2020-02-01,2020,2,0.475079,0.0631207,29,0.105196,0.369883,0.272906,-0.0344556,0.101474,0.0969769,0.0299584,414.32,413.41,1.24,-4749.59,23.56,-2698.4,33.55,-7447.99,1.79829e+29,0.193249,GRACE_FO
2020-03-01,2020,3,0.658932,0.0606774,31,0.163075,0.495857,0.42256,-0.0233594,0.1379,0.0732972,-0.0412436,414.72,413.35,1.18,-4753.64,23.23,-2596.59,33.14,-7350.23,1.77292e+29,0.190523,GRACE_FO
2020-04-01,2020,4,0.575637,0.05607,30,0.0710389,0.504598,0.453462,-0.001635,0.144385,0.0511357,-0.0916143,416.42,413.92,1.12,-4726.92,23.05,-2478.1,33.3,-7205.02,1.73612e+29,0.186568,GRACE_FO
2020-05-01,2020,5,0.388168,0.052529,31,-0.0528701,0.441038,0.407521,0.0233055,0.116882,0.0335169,-0.106671,417.28,413.98,0.99,-4704.1,22.98,-2355.19,33.23,-7059.29,1.69907e+29,0.182587,GRACE_FO
2020-06-01,2020,6,-0.46497,0.0558133,30,-0.130306,-0.334664,-0.32353,0.0100244,0.0782105,-0.0111341,-0.099369,416.58,414.16,0.91,-4739.02,23.24,-2309.09,33.17,-7048.11,1.69526e+29,0.182177,GRACE_FO
2020-07-01,2020,7,-1.02414,0.0594613,31,-0.130071,-0.894064,-0.861554,-0.000471971,0.0577186,-0.0325097,-0.0897564,414.58,414.19,0.89,-4865.3,22.99,-2374.68,33.23,-7239.98,1.74148e+29,0.187144,GRACE_FO
2020-08-01,2020,8,-0.734355,0.0569226,31,-0.0187911,-0.715564,-0.667782,-0.0361592,0.0399854,-0.0477821,-0.0516083,412.75,414.6,0.86,-4965.7,22.97,-2296.55,33.23,-7262.25,1.74457e+29,0.187476,GRACE_FO
2020-09-01,2020,9,-0.410727,0.0595967,30,0.13498,-0.545707,-0.492196,-0.0170144,0.0275548,-0.0535113,-0.0640517,411.5,414.91,0.96,-4988.03,23.25,-2357.48,33.18,-7345.51,1.76549e+29,0.189724,GRACE_FO
2020-10-01,2020,10,0.0533226,0.0596032,31,0.11945,-0.0661273,-0.0243234,-0.000206815,-0.00154291,-0.0418038,-0.0400541,411.49,414.79,0.87,-4929.6,23.07,-2443.26,33.24,-7372.86,1.7741e+29,0.19065,GRACE_FO
2020-11-01,2020,11,0.131233,0.0594433,30,-0.0638555,0.195089,0.267931,-0.0252005,-0.0143571,-0.0728426,-0.0332851,413.1,415.12,1.09,-4919.02,23.23,-2487.76,33.41,-7406.78,1.78315e+29,0.191622,GRACE_FO
2020-12-01,2020,12,-0.112694,0.0176032,31,-0.217628,0.104934,0.19454,-0.0320752,0.00312647,-0.0896056,-0.0606569,414.23,414.91,0.8,-4920.34,23.25,-2517.79,33.19,-7438.13,1.79121e+29,0.192489,GRACE_FO
2021-01-01,2021,1,-0.285377,0.0251935,31,-0.114208,-0.17117,-0.0591265,-0.031936,0.056293,-0.112043,-0.1364,415.49,415.23,0.82,-4890.01,23.01,-2770.09,33.19,-7660.1,1.84937e+29,0.198738,GRACE_FO
2021-02-01,2021,2,0.0962536,0.0278964,28,0.0583489,0.0379047,0.185762,-0.0301262,0.10477,-0.147857,-0.222501,416.72,415.8,0.64,-4903.9,23.08,-2598.55,33.36,-7502.45,1.80827e+29,0.194321,GRACE_FO
2021-03-01,2021,3,0.14491,0.0259065,31,0.199049,-0.0541392,0.0875533,-0.0195946,0.138187,-0.141693,-0.260285,417.61,416.17,0.89,-4892.51,23.14,-2608.58,33.11,-7501.09,1.80822e+29,0.194316,GRACE_FO
2021-04-01,2021,4,0.311903,0.02743,30,0.0498451,0.262058,0.348659,0.0395614,0.141101,-0.086601,-0.267263,419.01,416.58,0.76,-4864.54,22.99,-2368.12,33.12,-7232.66,1.73961e+29,0.186943,GRACE_FO
2021-05-01,2021,5,0.0206548,0.0260226,31,-0.157491,0.178146,0.304225,0.0211812,0.119729,-0.126079,-0.266989,419.09,415.88,0.79,-4917.67,22.82,-2355.27,33.18,-7272.94,1.74861e+29,0.18791,GRACE_FO
2021-06-01,2021,6,-0.541037,0.0261367,30,-0.223834,-0.317203,-0.176742,0.0255848,0.0708118,-0.14046,-0.236857,418.93,416.48,0.85,-4899.54,23.12,-2558.79,33.08,-7458.33,1.79698e+29,0.193109,GRACE_FO
2021-07-01,2021,7,-0.778526,0.0262903,31,-0.158546,-0.61998,-0.471637,0.00319782,0.0340307,-0.148342,-0.185571,416.9,416.48,0.92,-4931.21,22.99,-2620.23,33.08,-7551.44,1.8202e+29,0.195604,GRACE_FO
2021-08-01,2021,8,-0.768232,0.0271484,31,-0.0570932,-0.711139,-0.586591,0.00960943,0.0116976,-0.124548,-0.145855,414.42,416.27,0.81,-5086.62,22.82,-2530.35,33.17,-7616.97,1.83301e+29,0.19698,GRACE_FO
2021-09-01,2021,9,-0.474093,0.0294067,30,0.0351118,-0.509205,-0.404785,0.0126963,0.00854577,-0.10442,-0.125662,413.26,416.63,0.92,-5137.61,23.1,-2600.31,33.09,-7737.92,1.8629e+29,0.200193,GRACE_FO
2021-10-01,2021,10,-0.0574258,0.0260742,31,0.024699,-0.0821248,0.020688,-0.0130251,-0.0160472,-0.102813,-0.0737406,413.9,417.14,0.98,-5173.52,23.02,-2417.17,33.08,-7590.69,1.82391e+29,0.196003,GRACE_FO
2021-11-01,2021,11,0.0896967,0.02685,30,-0.0652053,0.154902,0.268334,-0.00821246,-0.0112254,-0.113433,-0.0939947,414.97,416.93,0.93,-5168.43,22.99,-2658.15,33.29,-7826.58,1.88499e+29,0.202566,GRACE_FO
2021-12-01,2021,12,0.128784,0.0276677,31,-0.171449,0.300233,0.406009,-0.0179341,0.0209361,-0.105776,-0.108778,416.67,417.37,0.88,-5127.37,23.09,-2552.5,33.13,-7679.87,1.84818e+29,0.19861,GRACE_FO
2022-01-01,2022,1,-0.0942968,0.0275903,31,-0.187581,0.0932847,0.212254,-0.0301961,0.0710776,-0.11897,-0.159851,418.13,417.86,0.91,-5094.18,23.15,-2655.58,33.17,-7749.76,1.86712e+29,0.200645,GRACE_FO
2022-02-01,2022,2,-0.192539,0.0277929,28,-0.00522131,-0.187318,-0.0521461,-0.0206002,0.113011,-0.135172,-0.227582,419.24,418.32,0.89,-5083.24,23.22,-2599.54,33.46,-7682.78,1.8501e+29,0.198817,GRACE_FO
2022-03-01,2022,3,-0.0913452,0.0265581,31,0.112524,-0.203869,-0.0504915,-0.0330781,0.148998,-0.153377,-0.269297,418.76,417.31,1.05,-5053.48,23.25,-2546.09,33.3,-7599.57,1.82939e+29,0.196591,GRACE_FO
2022-04-01,2022,4,-0.0578667,0.02921,30,0.039233,-0.0970997,0.0647532,-0.0171537,0.161784,-0.161853,-0.306483,420.19,417.67,0.83,-5073.99,23.36,-2297.91,33.3,-7371.9,1.77003e+29,0.190212,GRACE_FO
2022-05-01,2022,5,-0.0376613,0.0269419,31,-0.182452,0.144791,0.265664,0.00551626,0.140438,-0.120874,-0.266829,420.97,417.7,0.84,-5071.76,23.06,-2190.96,33.36,-7262.72,1.74188e+29,0.187187,GRACE_FO
2022-06-01,2022,6,-0.901307,0.0258967,30,-0.317319,-0.583988,-0.480766,-0.00991721,0.102203,-0.103221,-0.195508,420.94,418.47,0.93,-5049.67,23.17,-2208.35,33.32,-7258.02,1.74125e+29,0.187119,GRACE_FO
2022-07-01,2022,7,-1.02175,0.0247323,31,-0.25214,-0.769612,-0.675136,-0.00531206,0.0677761,-0.0944764,-0.15694,418.85,418.41,0.94,-5153.69,23.37,-2320.52,33.31,-7474.21,1.79435e+29,0.192825,GRACE_FO
2022-08-01,2022,8,-0.781706,0.0233387,31,-0.0284545,-0.753252,-0.661597,-0.0025017,0.0476788,-0.0916554,-0.136833,417.15,419.03,0.94,-5271.22,23.41,-2260.11,33.57,-7531.33,1.80599e+29,0.194076,GRACE_FO
2022-09-01,2022,9,-0.276527,0.0235767,30,0.061186,-0.337713,-0.31852,0.016655,0.03925,-0.0191927,-0.0750976,415.91,419.3,0.88,-5315.67,23.49,-2250.95,33.52,-7566.62,1.81393e+29,0.194929,GRACE_FO
2022-10-01,2022,10,0.159948,0.0275871,31,-0.0283284,0.188277,0.200154,-0.0108773,0.0242932,-0.0118771,-0.0252929,415.74,418.97,0.97,-5302.41,23.58,-2314.38,33.45,-7616.79,1.82724e+29,0.19636,GRACE_FO
2022-11-01,2022,11,0.30903,0.02836,30,-0.136683,0.445713,0.480428,-0.0263087,0.0165961,-0.0347144,-0.0250018,417.47,419.51,0.73,-5222.48,23.45,-2251.4,33.6,-7473.88,1.79244e+29,0.19262,GRACE_FO
2022-12-01,2022,12,0.0089,0.0262645,31,-0.188602,0.197502,0.235583,-0.0104269,0.0393898,-0.038081,-0.0670438,418.99,419.79,0.8,-5172.05,23.58,-2259.72,33.61,-7431.77,1.78289e+29,0.191595,GRACE_FO
2023-01-01,2023,1,-0.153819,0.0259,31,-0.190196,0.036377,0.0679876,-0.00783969,0.104771,-0.0316106,-0.128542,419.48,419.19,0.88,-5259.19,23.62,-2371.67,33.48,-7630.86,1.83202e+29,0.196874,GRACE_FO
2023-02-01,2023,2,0.0164179,0.0268,28,-0.0436365,0.0600544,0.130266,-0.0302345,0.145739,-0.0702118,-0.185716,420.31,419.36,0.97,-5274.67,23.56,-2448.47,33.64,-7723.14,1.85545e+29,0.199392,GRACE_FO
2023-03-01,2023,3,0.287681,0.0262129,31,-0.0136146,0.301295,0.371566,-0.0358732,0.180184,-0.0702708,-0.214581,420.99,419.53,1.23,-5214.02,23.26,-2332,33.43,-7546.02,1.8113e+29,0.194647,GRACE_FO
2023-04-01,2023,4,0.321247,0.0225867,30,-0.0431335,0.36438,0.411926,-0.0118396,0.196143,-0.0475458,-0.231849,423.35,420.84,0.99,-5237.57,23.27,-2086.41,33.26,-7323.98,1.75331e+29,0.188415,GRACE_FO
2023-05-01,2023,5,0.384942,0.0254839,31,-0.161203,0.546145,0.54431,0.0363727,0.155208,0.00183506,-0.189745,424,420.72,0.94,-5222.66,23.17,-2216.12,33.36,-7438.78,1.78336e+29,0.191645,GRACE_FO
2023-06-01,2023,6,-0.316407,0.02865,30,-0.289634,-0.0267729,0.0285734,-0.0117391,0.0918743,-0.0553463,-0.135481,423.68,421.24,1.09,-5187.53,23.3,-2219.62,33.47,-7407.15,1.77612e+29,0.190867,GRACE_FO
2023-07-01,2023,7,-0.686106,0.0248935,31,-0.30176,-0.384347,-0.374955,0.0200531,0.0548882,-0.00939174,-0.084333,421.83,421.49,1.19,-5259.5,23.42,-2355.19,33.35,-7614.69,1.82783e+29,0.196424,GRACE_FO
2023-08-01,2023,8,-0.578616,0.0251677,31,-0.0949883,-0.483628,-0.473179,-0.0122985,0.00992228,-0.010449,-0.00807272,419.68,421.64,1.19,-5469.66,23.24,-2253.06,33.37,-7722.72,1.85017e+29,0.198824,GRACE_FO
2023-09-01,2023,9,-0.309663,0.0284833,30,0.071165,-0.380828,-0.366925,-0.0130181,-0.0340757,-0.0139035,0.0331903,418.5,421.92,1.48,-5526.1,23.26,-2209.14,33.46,-7735.24,1.85191e+29,0.199011,GRACE_FO
2023-10-01,2023,10,0.0254581,0.0262677,31,-0.0032897,0.0287478,0.0243399,-0.0203419,-0.0758531,0.00440785,0.100603,418.82,422.04,1.35,-5506.58,23.38,-2316.17,33.34,-7822.75,1.87504e+29,0.201496,GRACE_FO
2023-11-01,2023,11,-0.00613333,0.0278267,30,-0.212024,0.205891,0.235826,-0.0600877,-0.0775887,-0.029936,0.10774,420.46,422.43,1.4,-5486.41,23.41,-2378.08,33.48,-7864.49,1.88635e+29,0.202713,GRACE_FO
2023-12-01,2023,12,0.0783129,0.023971,31,-0.311822,0.390135,0.396605,-0.0407942,-0.0560282,-0.00647076,0.0903516,421.86,422.59,1.36,-5486.34,23.28,-2453.13,33.46,-7939.47,1.90573e+29,0.204795,GRACE_FO
2024-01-01,2024,1,0.139639,0.0284677,31,-0.191438,0.331076,0.345949,-0.0365015,-0.0131073,-0.0148721,0.0347367,422.8,422.51,1.25,-5474.15,23.5,-2717.55,33.44,-8191.7,1.97122e+29,0.211832,GRACE_FO
2024-02-01,2024,2,0.269455,0.0248034,29,-0.0423411,0.311796,0.336927,-0.0202798,0.0264197,-0.0251308,-0.0312708,424.55,423.6,1.44,-5425.36,23.32,-2697.45,33.41,-8122.81,1.95471e+29,0.210059,GRACE_FO
2024-03-01,2024,3,0.358839,0.0259323,31,0.00519629,0.353642,0.377407,-0.026142,0.0541928,-0.0237643,-0.0518152,425.38,423.92,1.4,-5405.03,23.13,-2521.31,33.39,-7926.34,1.90449e+29,0.204662,GRACE_FO
2024-04-01,2024,4,0.115747,0.0243033,30,-0.0914971,0.207244,0.237023,-0.0479742,0.0733723,-0.0297794,-0.0551775,426.51,424,1.32,-5432.5,23.29,-2392.47,33.3,-7824.97,1.87757e+29,0.201769,GRACE_FO
2024-05-01,2024,5,0.0721484,0.0260516,31,-0.190019,0.262168,0.30242,-0.0333443,0.0525083,-0.0402522,-0.0594162,426.9,423.62,1.16,-5442.29,23.3,-2528.33,33.37,-7970.62,1.91494e+29,0.205785,GRACE_FO
2024-06-01,2024,6,-0.53241,0.02641,30,-0.256888,-0.275522,-0.266554,-0.0116488,0.0150583,-0.00896839,-0.0123779,426.91,424.47,1.23,-5400.98,23.16,-2583.28,33.41,-7984.26,1.91956e+29,0.206282,GRACE_FO
2024-07-01,2024,7,-0.930813,0.0258194,31,-0.277624,-0.653188,-0.654222,-0.00484674,-0.00232624,0.00103344,0.00820641,425.55,425.21,1.2,-5493.48,23.27,-2447.04,33.31,-7940.52,1.90581e+29,0.204803,GRACE_FO
2024-08-01,2024,8,-0.865894,0.0257419,31,-0.171801,-0.694092,-0.726397,0.0127177,-0.0219145,0.0323053,0.0415022,422.99,424.95,1.3,-5589.44,23.33,-2377.77,33.38,-7967.21,1.91016e+29,0.205271,GRACE_FO
2024-09-01,2024,9,-0.253173,0.0305133,30,0.00102472,-0.254198,-0.307465,0.00511302,-0.0465162,0.0532671,0.0946702,422.03,425.45,1.21,-5585.3,23.2,-2487.75,33.46,-8073.05,1.93762e+29,0.208221,GRACE_FO
2024-10-01,2024,10,0.169226,0.0277097,31,0.00330329,0.165923,0.0916864,-0.0072906,-0.0705695,0.0742361,0.152096,422.38,425.6,1.35,-5602.48,23.45,-2358.03,33.43,-7960.51,1.90808e+29,0.205048,GRACE_FO
2024-11-01,2024,11,0.14183,0.0258867,30,-0.181919,0.323749,0.268887,-0.043214,-0.0812145,0.0548619,0.17929,423.85,425.82,1.3,-5594.42,23.31,-2584.36,33.39,-8178.78,1.96469e+29,0.211131,GRACE_FO
2024-12-01,2024,12,0.105358,0.0256258,31,-0.343014,0.448372,0.356773,-0.0211826,-0.0577985,0.0915989,0.17058,425.4,426.13,1.27,-5597.72,23.09,-2684.67,33.4,-8282.39,1.99137e+29,0.213998,GRACE_FO
2025-01-01,2025,1,-0.0504613,0.0292419,31,-0.227221,0.17676,0.0938856,-0.0274518,-0.0157138,0.0828739,0.12604,426.65,426.36,1.38,-5595.78,23.11,-2618.03,33.24,-8213.81,1.9737e+29,0.2121,GRACE_FO
2025-02-01,2025,2,0.0585143,0.0277429,28,-0.0577414,0.116256,0.082534,-0.0749707,0.03339,0.0337216,0.0753023,427.09,426.14,1.26,-5545.61,23.29,-2633.06,33.37,-8178.67,1.96596e+29,0.211267,GRACE_FO
2025-03-01,2025,3,0.287658,0.0271968,31,0.0978025,0.189856,0.0882767,-0.0517046,0.0770072,0.101579,0.0762763,428.15,426.68,1.37,-5523.31,22.97,-2646.37,33.29,-8169.68,1.96422e+29,0.211081,GRACE_FO
2025-04-01,2025,4,0.250253,0.01308,30,-0.0622,0.312453,0.194879,-0.0205527,0.109243,0.117574,0.0288832,429.64,427.13,1.25,-5515.1,23.03,-2700.83,33.18,-8215.93,1.97639e+29,0.212388,GRACE_FO
2025-05-01,2025,5,0.0237903,0.0122903,31,-0.262073,0.285863,0.157795,-0.0038444,0.0804903,0.128068,0.0514221,430.51,427.23,1.08,-5496.15,22.97,-2560.62,33.12,-8056.77,1.93577e+29,0.208023,GRACE_FO
2025-06-01,2025,6,-0.47392,0.0119067,30,-0.311325,-0.162595,-0.281035,-0.0227174,0.0416392,0.11844,0.0995183,429.61,427.17,1.07,-5501.26,22.97,-2428.53,33.28,-7929.79,1.90283e+29,0.204483,GRACE_FO
2025-07-01,2025,7,-0.605577,0.0122968,31,-0.242734,-0.362843,-0.51894,-0.0131464,0.00597923,0.156098,0.163265,427.87,427.53,1.02,-5571.4,22.8,-2465.01,33.05,-8036.41,1.92852e+29,0.207244,GRACE_FO
2025-08-01,2025,8,-0.716223,0.0117806,31,-0.150338,-0.565885,-0.744337,-0.00583857,-0.0277219,0.178453,0.212013,425.48,427.44,1.18,-5708.43,24.38,-2290.84,34.55,-7999.27,1.91529e+29,0.205822,GRACE_FO
2025-09-01,2025,9,-0.28805,0.0126033,30,-0.0551908,-0.232859,-0.450475,-0.0349698,-0.0461999,0.217616,0.298785,424.37,427.79,1.25,-5768.11,25.93,-2365.86,36.35,-8133.97,1.94851e+29,0.209392,GRACE_FO
2025-10-01,2025,10,-0.0260065,0.0127839,31,-0.0463118,0.0203053,-0.216756,-0.0391526,-0.0692091,0.237061,0.345423,424.87,428.09,1.19,-5767.13,27.73,-2538.71,37.96,-8305.84,1.99294e+29,0.214166,GRACE_FO
2025-11-01,2025,11,0.438423,0.01483,30,-0.120242,0.558666,0.305533,-0.0542405,-0.0769638,0.253133,0.384337,426.46,428.42,1.21,-5718.93,29.53,-2560.34,39.72,-8279.27,1.98735e+29,0.213566,GRACE_FO
2025-12-01,2025,12,0.203394,0.0170613,31,-0.237554,0.440947,0.188901,-0.082659,-0.057616,0.252046,0.392321,427.49,428.22,1.06,-5711.77,30.81,-2623.16,41.45,-8334.93,2.00192e+29,0.215132,GRACE_FO
2026-01-01,2026,1,0.108223,0.00864839,31,-0.262176,0.370399,0.121574,-0.0571783,-0.0124098,0.248825,0.318413,428.62,428.32,1.09,-5708.63,32.55,-2687.4,43.02,-8396.03,2.01779e+29,0.216837,GRACE_FO
2026-02-01,2026,2,0.122732,0.00783571,28,-0.0661694,0.188902,-0.0873377,-0.0601458,0.033116,0.276239,0.303269,429.35,428.4,1.25,-5706.76,34.48,-2569.4,44.87,-8276.16,1.98687e+29,0.213514,GRACE_FO
2026-03-01,2026,3,0.510316,0.010229,31,0.061572,0.448744,0.119241,-0.0458965,0.0858515,0.329503,0.289548,430.15,428.68,1.32,-5740.01,35.61,-2553.08,46.62,-8293.09,1.99036e+29,0.21389,GRACE_FO
2026-04-01,2026,4,0.60888,0.0111767,30,-0.00388833,0.612768,0.259502,-0.0370237,0.101273,0.353266,0.289017,431.12,428.61,1.17,-5687.98,45.86,-2574.35,57.79,-8262.33,1.98379e+29,0.213184,GRACE_FO
2026-05-01,2026,5,0.49789,0.00844839,31,-0.223526,0.721416,0.358774,-0.0315788,0.0719117,0.362642,0.322309,432.34,429.06,1.13,-5632.25,57.28,-2627.17,70.49,-8259.42,1.98452e+29,0.213262,GRACE_FO
2026-06-01,2026,6,0.118257,0.00826667,30,-0.354455,0.472712,0.0499623,-0.0178586,0.0187701,0.42275,0.421838,431.43,428.99,1.18,-5670.67,69.25,-2660.15,85.17,-8330.82,2.00195e+29,0.215135,GRACE_FO
2026-07-01,2026,7,0.0452839,0.0166871,31,-0.283,0.328284,-0.123904,-0.0304952,-0.0364543,0.452188,0.519137,429.13,428.78,1.25,-5776.89,82.48,-2676.92,100.17,-8453.81,2.03091e+29,0.218247,GRACE_FO
2026-08-01,2026,8,0.323584,0.0122226,31,-0.0553972,0.378981,-0.138038,-0.0250589,-0.0946245,0.51702,0.636703,427.55,429.51,1.4,NaN,NaN,NaN,NaN,NaN,NaN,NaN,MISSING_MONTH
